"Name","W","L","ERA","GS","G","IP","H","ER","HR","SO","BB","WHIP","K/9","BB/9","FIP","WAR","playerid"
"Craig Kimbrel","4","0","1.64","0","69","67.0","41","12","3","115","24","0.97","15.40","3.25","1.40","2.0","6655"
"Greg Holland","4","2","2.36","0","66","67.0","50","18","5","97","20","1.05","13.14","2.72","2.02","1.7","7196"
"Koji Uehara","3","1","1.90","0","61","58.0","42","12","6","83","9","0.88","12.80","1.41","2.17","1.6","9227"
"Kenley Jansen","4","3","2.66","0","77","73.0","57","22","7","114","27","1.14","14.03","3.26","2.35","1.2","3096"
"Sean Doolittle","5","4","3.01","0","71","74.0","61","25","6","87","12","0.99","10.63","1.49","2.38","1.4","1581"
"Andrew Miller","3","1","2.55","0","58","49.0","34","14","3","70","20","1.10","12.71","3.73","2.39","1.0","6785"
"Joakim Soria","4","3","3.06","0","48","46.0","33","16","3","56","12","0.98","10.94","2.33","2.39","1.1","6941"
"Clayton Kershaw","14","4","2.20","25","25","176.0","140","43","10","185","36","1.00","9.50","1.84","2.41","4.1","2036"
"Aroldis Chapman","5","1","2.20","0","48","45.0","27","11","4","76","21","1.05","15.21","4.18","2.41","0.7","10233"
"Glen Perkins","2","1","2.83","0","65","65.0","52","21","6","84","16","1.04","11.56","2.19","2.42","1.5","8041"
"Mark Melancon","4","3","2.40","0","71","71.0","61","19","3","60","11","1.00","7.57","1.35","2.53","0.9","4264"
"Jose Fernandez","13","7","2.50","29","29","175.0","129","49","12","208","54","1.05","10.70","2.78","2.58","4.4","11530"
"Joaquin Benoit","3","1","2.57","0","64","64.0","46","18","5","75","18","1.00","10.50","2.55","2.60","0.9","1437"
"Steve Cishek","7","4","2.51","0","63","63.0","50","18","3","68","22","1.14","9.74","3.17","2.62","0.9","6483"
"Jake McGee","7","2","2.63","0","70","63.0","48","18","5","72","19","1.07","10.35","2.70","2.67","1.0","7550"
"Felix Hernandez","14","7","3.07","34","34","225.0","204","77","15","232","50","1.13","9.29","2.01","2.68","6.2","4772"
"Jonathan Papelbon","3","3","2.70","0","63","62.0","51","19","4","66","16","1.08","9.54","2.35","2.74","1.0","5975"
"Jordan Walden","3","2","2.95","0","58","53.0","40","17","4","69","21","1.17","11.82","3.67","2.75","0.5","3271"
"Trevor Rosenthal","4","2","3.10","0","69","75.0","58","26","5","96","30","1.18","11.47","3.61","2.76","0.9","10745"
"Adam Wainwright","19","9","2.89","32","32","218.0","192","70","13","195","46","1.09","8.05","1.89","2.77","4.4","2233"
"Hector Rondon","1","2","2.73","0","42","47.0","39","14","2","48","17","1.18","9.06","3.20","2.78","0.6","2391"
"David Robertson","3","1","2.68","0","58","54.0","41","16","5","71","18","1.07","11.74","2.89","2.80","0.9","8241"
"Stephen Strasburg","11","6","2.99","29","29","169.0","147","56","14","202","49","1.16","10.74","2.61","2.80","3.6","10131"
"David Carpenter","5","2","2.88","0","67","70.0","63","22","5","77","22","1.21","9.81","2.79","2.82","0.8","3959"
"Kevin Siegrist","4","3","3.27","0","65","60.0","51","22","4","70","21","1.21","10.46","3.18","2.85","0.6","8180"
"Scott Atchison","1","1","3.16","0","48","49.0","41","17","3","39","11","1.05","7.21","2.01","2.86","0.6","2642"
"Sean Marshall","3","1","3.18","0","40","34.0","33","12","2","37","12","1.30","9.67","3.10","2.86","0.3","5905"
"Joba Chamberlain","3","3","4.15","0","50","48.0","48","22","3","56","16","1.32","10.35","3.03","2.87","0.8","2692"
"Cody Allen","6","3","2.94","0","76","68.0","58","22","6","88","25","1.23","11.63","3.33","2.88","0.9","12183"
"Bryan Shaw","5","2","2.83","0","77","75.0","62","23","4","73","22","1.13","8.77","2.66","2.89","1.1","8110"
"Tony Watson","7","2","2.71","0","69","67.0","59","20","5","70","17","1.13","9.32","2.27","2.90","0.7","3132"
"Fernando Rodney","5","3","2.75","0","61","58.0","48","18","3","72","28","1.32","11.07","4.36","2.90","0.8","494"
"Cliff Lee","12","9","3.24","31","31","214.0","211","77","21","206","31","1.13","8.66","1.31","2.90","4.3","1636"
"Aaron Barrett","4","1","2.63","0","52","50.0","39","15","3","56","21","1.21","10.09","3.86","2.91","0.4","11243"
"Francisco Rodriguez","4","2","2.51","0","70","67.0","50","19","6","80","21","1.05","10.77","2.81","2.92","0.7","1642"
"Jean Machi","8","3","2.58","0","66","67.0","60","19","3","53","19","1.18","7.15","2.56","2.93","0.4","3220"
"Juan Oviedo","1","1","3.27","0","25","26.0","21","10","1","25","10","1.18","8.64","3.34","2.94","0.4","2886"
"J.J. Putz","3","1","3.73","0","49","41.0","34","17","3","46","17","1.23","10.06","3.72","2.95","0.5","1795"
"Luke Gregerson","5","3","2.94","0","73","68.0","60","22","3","54","17","1.13","7.13","2.20","2.95","0.9","4090"
"Kelvin Herrera","6","4","2.90","0","74","78.0","66","25","5","84","28","1.20","9.68","3.19","2.97","1.2","6033"
"Chris Sale","13","7","3.03","24","25","169.0","140","57","16","185","42","1.07","9.87","2.21","2.99","4.2","10603"
"Danny Farquhar","4","3","3.28","0","60","75.0","63","27","5","87","32","1.26","10.42","3.81","2.99","1.0","8501"
"Max Scherzer","17","8","3.04","33","33","211.0","173","71","22","253","62","1.11","10.80","2.63","3.00","5.3","3137"
"Yu Darvish","14","6","2.85","30","30","198.0","154","63","19","249","70","1.13","11.33","3.19","3.00","5.5","13074"
"Justin Verlander","17","8","3.02","34","34","229.0","204","77","15","219","73","1.21","8.60","2.85","3.00","6.1","8700"
"Brett Cecil","3","5","3.64","0","68","67.0","55","27","4","84","35","1.33","11.23","4.63","3.02","0.9","2660"
"Paco Rodriguez","2","1","3.61","0","52","37.0","34","15","3","42","15","1.31","10.06","3.52","3.03","0.2","13398"
"Craig Stammen","4","4","3.16","0","53","83.0","74","29","5","76","23","1.17","8.23","2.47","3.05","0.6","7274"
"Masahiro Tanaka","13","8","3.48","30","30","198.0","184","77","22","210","34","1.10","9.53","1.52","3.05","4.8","15764"
"Corey Kluber","11","10","3.78","29","29","182.0","189","77","16","181","43","1.27","8.93","2.10","3.06","4.1","2429"
"Jeremy Affeldt","2","2","2.74","0","49","47.0","39","14","2","40","16","1.16","7.69","3.06","3.07","0.2","583"
"Anibal Sanchez","9","8","3.48","28","28","160.0","146","62","12","163","52","1.24","9.22","2.94","3.08","3.8","3284"
"Rafael Soriano","3","2","2.77","0","61","59.0","51","18","4","54","18","1.17","8.17","2.82","3.09","0.7","1100"
"Shawn Kelley","3","4","3.68","0","57","55.0","48","22","4","61","23","1.29","10.11","3.78","3.09","0.7","7773"
"Jon Lester","16","11","3.35","32","32","213.0","195","79","18","214","62","1.20","9.05","2.60","3.10","5.4","4930"
"Huston Street","3","2","2.41","0","58","55.0","43","15","5","57","15","1.04","9.19","2.45","3.13","0.2","8258"
"Madison Bumgarner","16","10","2.92","32","32","203.0","181","66","18","206","57","1.17","9.11","2.52","3.14","2.9","5524"
"Junichi Tazawa","5","2","3.33","0","70","71.0","69","26","7","70","16","1.20","8.81","2.05","3.15","0.9","4079"
"Pat Neshek","2","1","2.78","0","60","54.0","42","17","5","53","14","1.05","8.88","2.35","3.16","0.3","4682"
"Tim Hudson","12","8","2.91","28","28","193.0","171","62","12","137","36","1.07","6.41","1.66","3.17","2.5","921"
"Drew Storen","5","4","3.05","0","64","57.0","47","19","6","57","13","1.05","9.06","2.00","3.18","0.5","6983"
"Adam Ottavino","2","2","3.37","0","64","78.0","70","29","7","79","25","1.22","9.14","2.86","3.18","1.0","1247"
"Zack Greinke","16","8","2.92","32","32","189.0","168","61","20","193","43","1.12","9.19","2.04","3.18","2.6","1943"
"Carter Capps","2","2","3.45","0","46","58.0","52","22","5","64","20","1.22","9.80","3.01","3.18","0.3","12803"
"Andrew Cashner","10","11","3.09","25","33","165.0","149","57","9","131","49","1.20","7.17","2.66","3.18","1.8","8782"
"Bobby Parnell","4","3","3.41","0","41","39.0","37","15","3","35","12","1.25","7.98","2.79","3.19","0.1","9926"
"Brad Ziegler","2","1","2.41","0","77","68.0","53","18","3","51","22","1.11","6.68","2.93","3.19","0.5","7293"
"Alex Wood","9","10","3.19","23","36","144.0","137","51","12","136","38","1.22","8.51","2.41","3.20","1.7","13781"
"Michael Wacha","10","8","3.26","27","30","170.0","154","62","14","171","50","1.20","9.04","2.63","3.21","2.5","14078"
"Scott Kazmir","11","5","3.19","23","23","133.0","119","47","9","117","35","1.15","7.92","2.33","3.21","2.7","4897"
"Ian Kennedy","11","11","3.31","31","31","195.0","174","72","17","195","54","1.17","8.99","2.48","3.22","2.6","6986"
"Casey Fien","7","5","3.48","0","63","59.0","53","23","5","54","14","1.14","8.17","2.18","3.23","0.9","3926"
"Casey Janssen","2","1","3.07","0","38","36.0","30","12","3","36","10","1.11","8.98","2.49","3.23","0.4","7355"
"Ervin Santana","12","7","3.13","28","28","186.0","163","65","18","181","48","1.14","8.80","2.31","3.26","2.6","3200"
"Oliver Perez","2","3","3.63","0","59","56.0","48","23","5","66","23","1.28","10.59","3.72","3.26","0.5","1514"
"Jeff Samardzija","7","10","2.96","31","31","203.0","179","67","16","185","61","1.18","8.20","2.69","3.27","3.5","3254"
"Jason Frasor","3","2","3.06","0","56","48.0","39","16","3","49","21","1.26","9.37","3.99","3.28","0.6","1906"
"Zach McAllister","10","10","3.94","29","29","165.0","169","72","10","130","49","1.32","7.10","2.70","3.28","3.2","2895"
"David Price","14","9","3.57","31","31","208.0","200","82","25","207","39","1.15","8.99","1.67","3.29","3.9","3184"
"Neal Cotts","6","5","3.74","0","59","55.0","50","23","5","61","22","1.31","9.98","3.63","3.31","0.7","1797"
"A.J. Ramos","6","3","2.91","0","69","72.0","56","23","4","80","40","1.34","10.04","5.00","3.32","0.3","8350"
"Jordan Zimmermann","11","8","3.36","31","31","188.0","189","70","17","154","35","1.20","7.40","1.70","3.32","2.8","4505"
"Sam LeCure","3","2","2.54","0","56","62.0","49","18","4","60","26","1.20","8.67","3.75","3.33","0.3","4664"
"Gio Gonzalez","13","10","3.41","31","31","193.0","166","73","16","192","72","1.23","8.95","3.34","3.35","3.0","7448"
"Cole Hamels","8","9","3.66","27","27","176.0","171","72","17","166","46","1.23","8.47","2.34","3.35","2.7","4972"
"Dan Haren","13","9","3.43","29","29","178.0","177","68","17","144","32","1.18","7.28","1.64","3.36","2.2","1757"
"Johnny Cueto","11","7","2.59","27","27","182.0","137","52","18","169","47","1.01","8.39","2.34","3.37","2.6","6893"
"Aaron Harang","11","10","3.62","28","28","163.0","150","66","13","152","56","1.26","8.39","3.09","3.37","2.3","1451"
"Joe Nathan","6","2","3.44","0","60","56.0","46","21","6","63","21","1.20","10.08","3.44","3.38","0.7","1122"
"Lance Lynn","14","9","3.66","29","33","181.0","170","74","14","181","65","1.30","8.99","3.23","3.38","2.1","2520"
"Brandon League","4","4","3.22","0","59","68.0","65","24","3","45","19","1.24","5.88","2.56","3.38","0.2","3731"
"Aaron Crow","5","4","2.78","0","67","59.0","51","18","4","51","22","1.23","7.74","3.32","3.39","0.5","10149"
"Hisashi Iwakuma","9","5","3.19","23","23","148.0","130","52","17","129","28","1.06","7.81","1.68","3.40","2.6","13048"
"Jim Johnson","8","5","3.67","0","70","71.0","73","29","3","56","26","1.39","7.02","3.32","3.41","0.6","3656"
"Nick Vincent","4","4","3.39","0","66","66.0","56","25","7","66","18","1.12","8.94","2.52","3.42","0.1","7555"
"Fernando Abad","2","2","3.27","2","59","60.0","46","22","5","55","20","1.10","8.25","2.97","3.42","0.4","4994"
"Mike Adams","5","4","3.87","0","43","38.0","35","16","4","37","10","1.19","8.88","2.42","3.42","0.2","1937"
"Jerry Blevins","5","3","3.46","0","69","63.0","54","24","5","62","22","1.21","8.90","3.17","3.42","0.3","7841"
"Joe Smith","6","2","3.17","0","70","64.0","58","23","5","56","20","1.21","7.93","2.76","3.43","0.5","3281"
"Wesley Wright","2","3","3.25","1","66","55.0","49","20","5","57","19","1.24","9.35","3.14","3.43","0.2","5960"
"Michael Morin","2","2","3.41","0","39","46.0","44","17","4","38","11","1.21","7.46","2.23","3.44","0.2","13442"
"Randy Choate","1","2","4.52","0","63","38.0","38","19","3","31","10","1.27","7.48","2.39","3.45","0.1","813"
"Jon Niese","9","10","3.34","28","28","173.0","167","64","14","133","47","1.24","6.92","2.45","3.45","2.0","4424"
"Chris Withrow","2","2","2.70","0","55","60.0","38","18","3","71","39","1.28","10.64","5.79","3.45","0.0","7161"
"Matt Belisle","4","6","4.12","0","68","68.0","72","31","5","52","17","1.31","6.86","2.23","3.46","0.6","1837"
"Sergio Romo","8","2","2.68","0","69","60.0","44","18","7","60","12","0.93","8.97","1.73","3.46","0.1","9817"
"Alex Cobb","9","6","3.15","22","22","129.0","112","45","10","111","42","1.20","7.77","2.91","3.47","2.0","6562"
"Boone Logan","4","4","3.92","0","63","45.0","41","20","6","57","16","1.25","11.37","3.18","3.47","0.4","5525"
"Charlie Furbush","4","6","3.92","0","68","56.0","52","24","5","63","22","1.32","10.12","3.58","3.48","0.4","1370"
"Sonny Gray","15","9","3.20","32","33","198.0","180","70","13","169","72","1.27","7.67","3.26","3.48","3.1","12768"
"Dan Otero","6","2","3.23","0","60","71.0","73","26","5","45","15","1.24","5.63","1.91","3.49","0.5","7385"
"J.P. Howell","4","5","3.01","0","70","54.0","43","18","3","54","27","1.29","9.02","4.42","3.49","0.0","8245"
"Anthony Varvaro","3","2","3.32","0","55","63.0","55","23","5","60","25","1.28","8.64","3.66","3.49","0.0","2385"
"Ryan Cook","4","3","3.13","0","62","62.0","47","22","5","69","31","1.27","10.07","4.56","3.50","0.3","8855"
"Tyler Clippard","7","5","2.77","0","74","70.0","51","22","8","87","30","1.16","11.15","3.91","3.50","0.4","5640"
"Rick Porcello","15","10","4.08","30","32","186.0","198","84","17","132","37","1.27","6.40","1.80","3.52","3.4","2717"
"George Kontos","3","3","3.50","0","45","51.0","51","20","5","42","14","1.26","7.26","2.37","3.53","-0.1","9486"
"James Shields","14","11","3.42","32","32","218.0","209","83","22","199","57","1.22","8.23","2.34","3.54","4.2","7059"
"Al Alburquerque","4","2","3.87","0","61","57.0","49","24","7","79","29","1.38","12.48","4.54","3.54","0.5","6324"
"Justin Masterson","11","8","3.83","31","33","200.0","186","85","14","188","77","1.32","8.47","3.45","3.55","3.0","2038"
"Dale Thayer","5","4","3.03","0","71","68.0","62","23","7","63","20","1.21","8.31","2.62","3.55","0.2","5032"
"Francisco Liriano","10","11","3.69","30","30","170.0","152","70","14","162","70","1.31","8.61","3.72","3.56","1.7","3201"
"Zack Wheeler","8","10","3.79","30","30","169.0","160","71","13","158","70","1.37","8.41","3.75","3.57","1.4","10310"
"Jesse Chavez","7","5","3.43","17","36","132.0","119","51","14","121","36","1.18","8.21","2.47","3.58","1.4","5448"
"Kevin Quackenbush","3","3","3.75","0","37","41.0","34","17","3","43","22","1.38","9.43","4.81","3.58","-0.1","12360"
"Hyun-Jin Ryu","11","9","3.48","27","27","173.0","163","67","17","146","48","1.22","7.56","2.49","3.58","1.5","14444"
"Scott Downs","2","4","4.12","0","63","46.0","42","21","2","42","26","1.49","8.14","5.13","3.58","0.3","773"
"Nathan Eovaldi","6","8","3.58","28","29","160.0","157","64","14","131","48","1.28","7.34","2.71","3.58","1.8","9132"
"Anthony Swarzak","3","2","4.14","0","53","89.0","93","41","6","60","27","1.35","6.10","2.75","3.59","0.6","7466"
"Mike Dunn","6","7","3.81","0","72","63.0","55","27","6","70","28","1.32","9.94","4.02","3.60","0.3","9948"
"Santiago Casilla","4","3","2.49","0","63","64.0","53","18","4","49","25","1.20","6.81","3.44","3.62","-0.1","2873"
"Doug Fister","8","7","3.63","20","21","132.0","134","53","13","97","24","1.20","6.64","1.61","3.62","1.6","9425"
"Wade Davis","7","8","4.09","15","40","117.0","114","53","11","123","49","1.40","9.46","3.79","3.62","1.1","7441"
"Gavin Floyd","5","6","3.60","15","16","95.0","91","38","9","80","25","1.22","7.55","2.40","3.63","0.8","3886"
"Aaron Loup","4","4","3.85","0","67","72.0","63","31","5","58","26","1.24","7.30","3.23","3.64","0.6","10343"
"Edwin Jackson","9","13","4.14","31","31","185.0","190","85","14","148","64","1.37","7.22","3.11","3.64","2.2","1841"
"Alex Torres","3","2","2.84","0","64","64.0","47","20","3","66","40","1.36","9.32","5.60","3.65","-0.1","7038"
"Garrett Richards","8","6","3.84","23","37","157.0","144","67","11","131","65","1.33","7.50","3.74","3.65","1.6","9784"
"Drew Hutchison","4","7","4.25","20","21","105.0","103","50","11","104","38","1.33","8.93","3.21","3.65","1.9","10732"
"C.J. Wilson","14","11","3.63","32","32","209.0","188","84","19","199","79","1.28","8.58","3.41","3.65","2.7","3580"
"Darin Downs","1","1","3.87","0","34","37.0","36","16","3","34","14","1.34","8.20","3.28","3.65","0.2","5903"
"Burke Badenhop","2","4","3.72","0","65","73.0","78","30","5","45","19","1.33","5.59","2.40","3.66","0.5","9736"
"Yusmeiro Petit","6","6","4.30","16","28","112.0","116","53","11","92","28","1.29","7.41","2.28","3.66","0.4","4020"
"Tim Collins","4","6","4.30","0","55","48.0","45","23","3","50","27","1.51","9.36","5.12","3.67","0.3","3164"
"Will Smith","4","6","3.60","12","56","115.0","104","46","12","116","43","1.28","9.08","3.34","3.67","0.2","8048"
"Jason Grilli","2","2","3.38","0","46","45.0","37","17","6","53","17","1.20","10.60","3.32","3.67","0.2","521"
"Seth Maness","3","4","3.65","0","70","74.0","82","30","7","48","13","1.29","5.86","1.64","3.68","-0.2","12235"
"Danny Salazar","8","9","4.31","27","27","155.0","155","74","19","171","58","1.38","9.94","3.38","3.68","2.2","5867"
"Darren O'Day","5","2","2.80","0","66","60.0","54","19","6","55","16","1.16","8.20","2.39","3.69","0.5","3321"
"Chad Qualls","2","4","4.18","0","59","54.0","62","25","5","45","15","1.44","7.57","2.58","3.69","0.2","2170"
"Tim Stauffer","4","4","3.52","9","37","94.0","88","37","6","72","34","1.31","6.89","3.31","3.69","-0.1","6432"
"C.C. Lee","1","1","3.81","0","35","36.0","33","15","3","36","12","1.26","9.11","3.05","3.70","0.1","5177"
"John Lackey","15","10","3.89","29","30","188.0","190","81","23","169","43","1.24","8.09","2.08","3.70","3.3","1507"
"Justin Wilson","4","2","3.35","0","65","67.0","61","25","4","59","33","1.40","7.86","4.39","3.70","0.0","4301"
"Julio Teheran","11","10","3.02","32","32","202.0","175","68","22","165","48","1.11","7.34","2.14","3.71","2.0","6797"
"Jose Quintana","7","10","3.90","32","33","191.0","188","83","19","155","56","1.28","7.30","2.64","3.72","3.0","11423"
"Matt Garza","9","10","4.12","28","28","170.0","167","78","18","153","56","1.31","8.12","2.97","3.73","2.0","3340"
"Carlos Martinez","5","6","3.92","12","47","100.0","97","43","7","75","35","1.33","6.76","3.20","3.73","0.2","11682"
"Marc Rzepczynski","2","2","3.70","0","73","60.0","55","25","4","53","27","1.36","7.94","4.02","3.74","0.3","6612"
"Jonathan Broxton","3","2","2.98","0","39","38.0","30","12","3","33","16","1.23","7.81","3.86","3.74","0.0","4759"
"Blake Treinen","4","6","3.60","12","22","83.0","93","33","7","53","19","1.35","5.77","2.02","3.74","0.3","12572"
"Bartolo Colon","9","13","4.36","28","28","172.0","197","83","21","120","23","1.28","6.31","1.22","3.76","1.2","375"
"Matt Albers","1","2","3.51","0","49","53.0","52","21","4","43","21","1.37","7.23","3.48","3.76","0.3","4300"
"Tommy Hunter","5","3","4.03","0","71","76.0","81","34","10","67","17","1.28","7.91","2.05","3.76","0.4","1157"
"Matt Moore","8","8","3.47","22","23","125.0","109","48","12","125","56","1.32","9.02","4.02","3.76","1.5","1890"
"Evan Scribner","1","1","3.83","0","35","42.0","40","18","4","34","14","1.27","7.18","2.90","3.76","0.1","7525"
"Joe Thatcher","2","2","3.66","0","59","38.0","41","15","5","36","11","1.37","8.56","2.55","3.76","0.1","4620"
"Troy Patton","1","1","3.87","0","42","45.0","45","19","5","36","12","1.28","7.24","2.46","3.77","0.2","8368"
"Gerrit Cole","12","10","3.64","30","30","177.0","171","72","17","146","54","1.27","7.45","2.73","3.77","1.4","13125"
"Wei-Yin Chen","11","9","4.06","28","28","169.0","180","76","19","134","44","1.33","7.14","2.36","3.77","2.9","13071"
"Dane de la Rosa","3","2","4.09","0","48","46.0","43","21","4","43","21","1.37","8.33","4.00","3.78","0.0","10095"
"Yovani Gallardo","10","11","3.69","32","32","193.0","186","79","20","160","63","1.29","7.46","2.92","3.78","1.8","8173"
"Jered Weaver","14","9","3.34","30","30","188.0","165","70","21","153","50","1.15","7.35","2.40","3.79","2.7","4235"
"Manny Parra","1","1","3.82","0","55","49.0","42","21","6","52","20","1.29","9.67","3.74","3.79","0.1","4279"
"Drew Smyly","9","9","3.93","23","26","132.0","124","58","15","122","42","1.25","8.27","2.83","3.79","2.0","11760"
"Chris Archer","10","9","4.11","30","31","166.0","165","76","14","138","61","1.37","7.47","3.30","3.79","2.2","6345"
"Mike Minor","8","9","3.81","23","23","141.0","140","60","18","125","35","1.24","7.97","2.21","3.79","1.0","10021"
"Chris Perez","3","4","3.75","0","64","61.0","51","25","5","54","24","1.24","8.01","3.63","3.80","-0.2","5213"
"Joe Kelly","7","6","3.43","19","26","117.0","120","45","8","76","39","1.36","5.85","2.99","3.80","0.4","9761"
"Tim Lincecum","11","11","4.16","30","30","181.0","179","84","21","182","68","1.37","9.07","3.38","3.80","0.9","5705"
"Michael Pineda","5","6","3.86","17","17","82.0","79","35","9","72","24","1.26","7.84","2.65","3.80","1.5","5372"
"Matt Thornton","2","4","4.20","0","61","42.0","45","19","3","34","14","1.40","7.33","2.97","3.81","0.2","1918"
"Vinnie Pestano","1","1","4.42","0","44","42.0","43","20","5","49","17","1.43","10.60","3.71","3.81","0.0","4782"
"Will Harris","2","3","4.82","0","48","51.0","49","27","7","57","19","1.35","10.11","3.36","3.81","0.0","3192"
"Adam Warren","3","5","3.63","1","54","84.0","80","34","9","71","29","1.29","7.63","3.06","3.83","0.5","9029"
"Jake Diekman","4","3","4.25","0","70","70.0","60","33","8","88","40","1.43","11.41","5.15","3.83","0.0","5003"
"Matt Cain","7","9","3.57","28","28","176.0","158","70","19","149","54","1.20","7.59","2.73","3.83","1.0","4732"
"Robbie Erlin","6","10","4.22","25","27","138.0","139","65","13","109","43","1.32","7.13","2.82","3.83","0.9","10354"
"Brandon Morrow","7","8","4.43","24","24","122.0","116","60","13","127","57","1.42","9.39","4.20","3.83","1.7","9346"
"Hiroki Kuroda","11","11","4.00","30","30","190.0","196","84","23","143","38","1.23","6.77","1.81","3.84","3.0","3283"
"Zach Putnam","3","3","3.69","0","39","54.0","49","22","4","41","22","1.33","6.88","3.69","3.84","0.2","9080"
"Kyle Lohse","11","8","3.51","29","29","185.0","180","72","22","138","39","1.19","6.70","1.91","3.84","1.9","739"
"Neil Wagner","2","2","3.92","0","50","50.0","46","22","5","46","21","1.32","8.15","3.67","3.85","0.5","8162"
"Jamey Wright","5","5","3.54","0","61","67.0","64","26","4","55","32","1.42","7.31","4.24","3.85","-0.2","715"
"Michael Kohn","3","3","3.06","0","70","65.0","46","22","7","73","32","1.21","10.12","4.44","3.85","0.2","8505"
"Phil Hughes","10","10","4.40","28","28","156.0","172","76","19","127","35","1.32","7.30","2.02","3.86","2.4","7450"
"Matt Lindstrom","4","3","3.64","0","61","57.0","56","23","4","41","23","1.40","6.58","3.68","3.86","0.2","4604"
"Craig Breslow","5","2","3.95","0","54","53.0","52","23","3","39","23","1.44","6.65","4.01","3.86","0.2","4363"
"Danny Duffy","5","7","3.64","14","22","88.0","75","36","6","85","46","1.37","8.64","4.68","3.86","1.1","3542"
"Zac Rosscup","1","1","3.29","0","32","32.0","25","12","3","37","20","1.38","10.38","5.44","3.86","0.1","9419"
"Tyler Skaggs","11","8","3.98","28","29","171.0","160","75","15","134","59","1.29","7.07","3.13","3.86","2.1","10190"
"Rex Brothers","5","5","3.58","0","73","68.0","57","27","7","77","37","1.39","10.18","4.91","3.87","0.3","9794"
"Jason Hammel","9","8","3.54","25","27","157.0","140","62","17","123","47","1.18","7.03","2.66","3.87","1.6","4538"
"Brad Boxberger","2","2","3.11","0","51","62.0","46","21","6","76","36","1.33","11.12","5.33","3.87","0.0","10133"
"Tom Wilhelmsen","2","3","3.49","0","68","74.0","62","29","6","70","38","1.35","8.46","4.60","3.87","0.1","9975"
"Brandon McCarthy","7","13","4.65","26","26","157.0","174","81","21","122","30","1.30","6.99","1.71","3.88","1.5","4662"
"Yordano Ventura","7","8","3.65","28","28","152.0","141","62","15","141","60","1.32","8.31","3.54","3.88","2.3","11855"
"Kevin Slowey","2","4","4.64","11","24","92.0","103","47","9","63","21","1.35","6.22","2.09","3.88","0.4","9918"
"Nate Jones","2","2","4.65","0","42","45.0","44","23","4","49","24","1.48","9.63","4.67","3.89","0.2","4696"
"Ryan Webb","5","3","4.13","0","67","68.0","69","31","6","52","24","1.35","6.80","3.10","3.89","0.2","7474"
"Fernando Salas","5","3","3.75","0","61","59.0","52","25","7","62","25","1.30","9.35","3.83","3.89","0.0","4971"
"Jake Dunning","2","2","3.74","0","38","48.0","47","20","3","32","17","1.32","6.05","3.18","3.89","-0.3","10803"
"Mark Buehrle","15","9","3.58","29","29","186.0","191","74","16","117","50","1.30","5.65","2.43","3.90","2.7","225"
"Ronald Belisario","4","8","4.45","0","71","71.0","69","35","5","53","26","1.33","6.72","3.26","3.90","0.3","2203"
"Brett Anderson","2","6","4.33","11","14","62.0","69","30","5","41","19","1.41","5.84","2.71","3.90","0.8","8223"
"Tony Cingrani","9","7","3.50","26","29","140.0","116","54","16","150","65","1.29","9.65","4.17","3.90","1.4","12555"
"Clay Buchholz","9","7","4.43","24","24","141.0","151","69","14","109","47","1.41","7.01","2.99","3.91","2.1","3543"
"Erik Bedard","7","7","4.03","22","24","117.0","110","52","9","97","55","1.42","7.50","4.27","3.92","1.1","126"
"Josh Outman","5","2","3.95","0","63","57.0","55","25","5","61","30","1.51","9.76","4.82","3.92","0.0","4004"
"Antonio Bastardo","6","5","4.02","0","63","57.0","45","25","6","70","31","1.33","10.99","4.90","3.92","-0.1","8844"
"Justin Grimm","6","8","4.14","16","48","114.0","119","53","9","91","46","1.44","7.16","3.61","3.93","0.2","11720"
"Tyson Ross","10","10","3.65","24","32","153.0","146","62","15","129","59","1.34","7.60","3.49","3.93","0.2","7872"
"Blake Parker","1","1","4.42","0","37","38.0","39","19","4","36","16","1.42","8.53","3.72","3.95","0.3","5224"
"Henderson Alvarez","7","11","3.80","28","28","167.0","178","71","14","96","46","1.34","5.16","2.49","3.95","1.2","5669"
"Carlos Torres","8","10","3.88","11","57","117.0","114","50","12","102","43","1.35","7.83","3.34","3.95","-0.6","7624"
"Carlos Villanueva","6","11","4.76","15","39","111.0","127","59","13","86","29","1.41","6.95","2.34","3.96","0.8","4138"
"Homer Bailey","12","10","4.00","32","32","200.0","201","89","26","175","55","1.28","7.86","2.46","3.97","1.6","8362"
"Jared Hughes","4","4","3.48","0","47","53.0","49","20","3","34","20","1.30","5.86","3.35","3.97","-0.3","9325"
"Travis Wood","11","13","4.09","32","32","193.0","189","88","20","155","63","1.31","7.24","2.92","3.98","1.8","9884"
"LaTroy Hawkins","2","2","4.04","0","56","51.0","59","23","5","30","11","1.37","5.19","2.00","3.99","0.2","729"
"Christopher Martin","2","3","4.27","0","36","49.0","55","23","4","34","15","1.43","6.19","2.77","3.99","0.1","11847"
"Addison Reed","4","6","4.08","0","69","73.0","70","33","13","81","18","1.20","10.02","2.21","3.99","0.0","10586"
"Jim Henderson","6","5","4.38","0","61","57.0","53","28","9","73","25","1.36","11.43","3.90","4.01","-0.1","6653"
"Brian Duensing","2","4","3.72","0","66","65.0","66","27","7","46","19","1.30","6.33","2.56","4.01","0.4","4064"
"Juan Gutierrez","3","3","3.94","0","46","51.0","47","22","7","43","13","1.19","7.67","2.38","4.02","-0.3","3265"
"Dallas Keuchel","8","11","4.58","27","30","165.0","177","84","18","125","50","1.38","6.86","2.72","4.02","1.7","9434"
"Pedro Strop","3","5","3.83","0","66","60.0","52","26","6","65","31","1.38","9.65","4.64","4.02","-0.1","4070"
"Edward Mujica","3","3","4.78","1","60","58.0","63","31","7","41","13","1.31","6.44","1.95","4.02","0.3","3970"
"Fernando Rodriguez","3","3","4.03","0","32","35.0","32","16","4","37","17","1.40","9.41","4.44","4.02","0.0","7558"
"Collin McHugh","6","9","4.57","21","23","122.0","128","62","13","100","41","1.38","7.39","3.03","4.02","1.2","7531"
"Preston Claiborne","2","1","3.85","0","48","57.0","57","24","7","48","18","1.32","7.63","2.92","4.03","0.2","10500"
"Wade Miley","11","11","4.23","32","33","198.0","195","93","23","153","60","1.28","6.95","2.71","4.03","1.5","8779"
"Josh Beckett","4","5","3.55","20","20","117.0","101","46","15","107","37","1.19","8.27","2.88","4.03","0.7","510"
"Vin Mazzaro","3","3","3.68","0","44","55.0","54","23","5","37","19","1.33","5.96","3.07","4.04","-0.4","5231"
"Zach Duke","6","5","4.22","7","52","83.0","88","39","10","65","23","1.34","7.11","2.55","4.04","-0.2","3840"
"Ubaldo Jimenez","11","12","4.15","30","30","174.0","168","80","19","173","80","1.42","8.94","4.13","4.04","2.4","3374"
"CC Sabathia","12","15","4.49","31","31","198.0","214","99","30","190","50","1.33","8.63","2.26","4.05","2.5","404"
"Chris Capuano","6","7","4.25","15","40","111.0","114","52","14","88","32","1.32","7.14","2.62","4.05","0.7","1701"
"Matt Harrison","6","6","3.95","17","17","95.0","98","42","8","64","37","1.43","6.05","3.53","4.07","1.4","5551"
"Robbie Ross","4","7","4.33","12","53","108.0","120","52","11","85","31","1.40","7.02","2.59","4.07","0.6","6819"
"Brian Schlitter","5","5","4.12","0","57","63.0","63","29","5","35","16","1.24","5.00","2.21","4.07","-0.2","3599"
"Javier Lopez","2","2","3.38","0","61","33.0","30","12","3","23","13","1.31","6.22","3.64","4.07","-0.3","1663"
"Josh Collmenter","4","5","3.79","9","49","109.0","105","46","14","83","30","1.23","6.87","2.47","4.07","0.3","7312"
"Xavier Cedeno","1","1","3.88","0","41","36.0","35","16","3","30","15","1.40","7.51","3.75","4.08","-0.2","36"
"A.J. Burnett","9","11","3.78","31","31","187.0","177","79","20","170","75","1.34","8.20","3.60","4.08","1.0","512"
"Tommy Milone","9","10","4.12","27","28","160.0","160","73","19","124","44","1.28","6.99","2.48","4.09","1.9","7608"
"Gonzalez Germen","4","6","4.06","0","62","78.0","76","35","10","71","26","1.30","8.13","2.97","4.09","-0.6","5876"
"Kevin Jepsen","2","2","4.53","0","59","52.0","48","26","7","58","23","1.36","10.06","3.97","4.09","-0.1","6475"
"Ricky Nolasco","9","13","4.73","30","30","185.0","213","97","24","135","42","1.38","6.54","2.06","4.09","2.0","3830"
"Heath Bell","4","4","4.82","0","59","64.0","70","34","6","54","24","1.46","7.55","3.37","4.10","-0.2","2080"
"Nick Masset","1","2","4.04","0","22","21.0","23","10","2","16","9","1.51","6.89","3.85","4.11","0.0","7267"
"Brandon Cumpton","5","8","4.28","20","20","110.0","114","52","8","64","34","1.34","5.19","2.77","4.11","0.3","11366"
"Brandon Workman","6","6","4.27","14","25","91.0","92","43","11","78","30","1.34","7.71","2.96","4.12","0.6","11428"
"Jeff Locke","5","7","4.39","21","21","113.0","114","55","10","85","47","1.43","6.83","3.76","4.12","0.3","2929"
"R.A. Dickey","12","12","4.24","30","31","196.0","188","93","22","165","73","1.33","7.56","3.34","4.13","2.4","1245"
"Charlie Morton","5","11","3.78","26","26","154.0","155","65","10","98","54","1.36","5.71","3.14","4.13","0.5","4676"
"Jordan Lyles","10","10","4.42","31","32","177.0","190","87","17","113","52","1.37","5.72","2.66","4.13","1.9","7593"
"Caleb Thielbar","5","4","3.77","0","61","62.0","58","26","7","49","23","1.30","7.11","3.27","4.14","-0.1","10078"
"Tanner Roark","8","9","4.02","23","33","151.0","148","68","17","107","43","1.26","6.39","2.55","4.14","0.3","8753"
"Kyle Farnsworth","2","6","3.99","0","57","48.0","51","21","5","33","17","1.40","6.24","3.15","4.14","-0.3","278"
"Josh Fields","2","6","6.22","0","50","51.0","55","35","6","55","26","1.60","9.76","4.58","4.16","0.2","5070"
"Louis Coleman","3","2","4.12","0","50","62.0","56","28","8","66","31","1.40","9.58","4.49","4.16","0.0","9720"
"Jhoulys Chacin","6","9","4.22","20","20","120.0","125","56","11","81","46","1.42","6.08","3.44","4.16","1.3","2608"
"Michael Tonkin","2","2","4.29","0","55","60.0","60","29","7","54","23","1.39","8.09","3.51","4.16","-0.1","10315"
"Phil Coke","2","2","5.36","0","53","45.0","53","27","5","33","17","1.56","6.69","3.37","4.16","0.1","5535"
"Brian Matusz","3","3","3.91","0","70","57.0","57","25","6","51","27","1.47","7.96","4.31","4.16","0.2","2646"
"Scott Rice","3","4","4.34","0","66","47.0","46","23","3","34","25","1.50","6.55","4.75","4.18","-0.5","2743"
"Trevor Cahill","9","14","4.54","25","35","160.0","161","81","17","135","70","1.44","7.61","3.93","4.19","0.5","6249"
"Joe Beimel","1","3","4.22","0","39","38.0","39","18","3","26","15","1.42","6.24","3.56","4.19","0.0","979"
"Donn Roach","5","8","4.23","15","32","105.0","114","49","6","53","42","1.49","4.54","3.59","4.20","-0.5","10620"
"Jake Peavy","7","6","3.83","26","26","162.0","148","69","22","143","58","1.28","7.93","3.23","4.20","2.1","1051"
"Taylor Jordan","5","9","4.49","21","22","114.0","128","57","11","67","31","1.40","5.29","2.48","4.20","0.6","10466"
"Martin Perez","12","12","4.43","29","31","176.0","185","87","17","120","64","1.41","6.13","3.28","4.21","2.0","6902"
"Dillon Gee","9","9","3.79","28","29","179.0","172","75","21","125","51","1.24","6.28","2.58","4.21","0.4","7396"
"Tony Sipp","1","2","4.10","0","46","38.0","31","17","5","41","17","1.27","9.87","4.01","4.22","-0.1","8280"
"Matt Guerrier","1","2","4.70","0","30","26.0","28","13","3","18","9","1.44","6.31","3.27","4.22","-0.1","2061"
"Mike Leake","9","12","3.91","30","30","193.0","194","84","24","123","42","1.22","5.72","1.97","4.22","0.8","10130"
"Bruce Chen","6","9","4.96","18","23","109.0","121","60","14","83","35","1.43","6.86","2.88","4.23","0.8","769"
"Logan Ondrusek","2","5","4.35","0","57","56.0","62","27","7","47","20","1.46","7.59","3.19","4.23","-0.3","3677"
"Wily Peralta","11","12","3.83","30","30","173.0","174","74","20","136","63","1.37","7.06","3.27","4.24","1.0","7738"
"Alexi Ogando","5","6","4.84","11","53","95.0","101","51","11","77","36","1.43","7.26","3.38","4.24","0.4","10261"
"Luis Avilan","6","4","4.08","0","75","60.0","61","27","5","44","26","1.46","6.70","3.94","4.25","-0.5","2882"
"Ryan Mattheus","1","2","4.01","0","39","40.0","42","18","3","23","14","1.40","5.19","3.13","4.26","-0.3","7169"
"Scott Feldman","7","8","3.83","22","24","129.0","123","55","13","85","38","1.25","5.92","2.69","4.27","0.9","6283"
"Ian Krol","2","2","3.94","0","65","56.0","58","25","9","48","12","1.24","7.77","1.87","4.27","0.0","10066"
"Preston Guilmet","2","2","4.60","0","38","41.0","42","21","5","33","13","1.35","7.12","2.90","4.27","0.0","7303"
"Carlos Carrasco","4","9","5.21","20","27","114.0","122","66","13","91","44","1.46","7.19","3.51","4.29","0.4","6632"
"Marco Estrada","6","7","4.03","25","25","151.0","137","68","25","138","41","1.18","8.23","2.42","4.30","0.7","1118"
"Eric Stults","8","11","4.35","27","29","154.0","179","75","20","89","35","1.39","5.21","2.03","4.30","-0.1","8011"
"Marcus Stroman","5","5","4.77","14","19","81.0","85","43","14","79","18","1.27","8.75","2.01","4.31","0.5","13431"
"Jenrry Mejia","7","4","4.55","19","26","107.0","111","54","12","94","49","1.49","7.94","4.11","4.31","-0.3","8476"
"Tyler Lyons","5","10","4.84","19","27","118.0","123","64","15","91","37","1.35","6.89","2.80","4.31","-0.1","11334"
"Colby Lewis","6","7","4.76","18","18","97.0","113","51","15","85","25","1.42","7.85","2.27","4.31","1.3","1259"
"Steve Delabar","5","3","3.82","0","63","64.0","51","27","8","72","35","1.34","10.15","4.90","4.31","0.1","11827"
"Tyler Chatwood","5","6","4.48","23","24","125.0","131","62","13","87","47","1.43","6.31","3.38","4.32","1.1","4338"
"Jeurys Familia","3","5","4.07","7","36","65.0","62","29","6","54","32","1.45","7.45","4.48","4.32","-0.6","5114"
"Edinson Volquez","6","12","4.55","30","32","171.0","172","87","18","123","68","1.40","6.46","3.55","4.32","0.2","3990"
"Hector Ambriz","2","3","4.65","0","37","43.0","44","22","4","33","20","1.50","7.06","4.15","4.32","-0.2","559"
"Tyler Thornburg","7","8","4.30","14","47","109.0","103","52","12","100","53","1.42","8.25","4.32","4.33","-0.3","10688"
"Samuel Deduno","4","8","4.38","17","27","118.0","122","57","10","90","58","1.52","6.87","4.43","4.33","0.4","5285"
"Stolmy Pimentel","6","7","4.13","16","27","111.0","111","51","11","74","41","1.38","6.02","3.36","4.33","0.1","6415"
"Sergio Santos","1","3","5.59","0","43","39.0","35","24","6","53","23","1.51","12.42","5.42","4.34","-0.1","4734"
"Joe Savery","2","2","4.21","0","26","30.0","29","14","3","22","12","1.36","6.65","3.52","4.34","-0.2","2835"
"Drew Pomeranz","7","7","3.90","18","31","106.0","97","46","12","91","49","1.38","7.76","4.15","4.34","0.3","11426"
"Bud Norris","9","11","4.34","30","30","178.0","177","86","24","153","62","1.34","7.73","3.14","4.34","1.8","9492"
"Dan Jennings","3","5","3.70","0","56","57.0","59","23","6","45","25","1.47","7.17","3.99","4.35","-0.5","8073"
"Jeff Beliveau","2","3","4.04","0","36","40.0","35","18","5","39","21","1.41","8.80","4.67","4.38","-0.3","8504"
"Josh Tomlin","5","4","4.34","13","14","70.0","75","34","10","39","11","1.22","4.98","1.36","4.38","0.5","9388"
"Evan Reed","2","4","4.52","0","50","61.0","67","31","6","42","25","1.51","6.16","3.71","4.38","-0.1","1349"
"Jonathan Pettibone","4","7","4.76","19","19","104.0","119","55","11","66","36","1.49","5.69","3.11","4.38","0.1","7106"
"Rob Wooten","2","4","4.52","0","53","58.0","60","29","7","44","21","1.40","6.82","3.23","4.38","-0.5","8532"
"James Paxton","6","6","4.19","19","19","95.0","87","44","12","86","40","1.34","8.12","3.80","4.38","0.6","11828"
"Jake Arrieta","4","8","4.46","20","21","106.0","108","53","11","88","50","1.48","7.44","4.24","4.38","0.2","4153"
"Felix Doubront","7","9","4.64","26","30","143.0","148","74","18","120","60","1.46","7.58","3.78","4.40","1.3","1478"
"Shelby Miller","15","10","3.62","32","32","177.0","161","71","23","159","75","1.33","8.08","3.82","4.40","0.0","10197"
"Juan Nicasio","8","9","4.43","27","27","145.0","152","71","19","107","47","1.38","6.67","2.94","4.41","1.3","7731"
"Jake Petricka","2","3","3.72","0","53","76.0","70","31","5","59","44","1.50","7.05","5.19","4.42","-0.1","10534"
"Chris Tillman","12","12","4.19","33","33","195.0","188","91","28","171","72","1.33","7.89","3.34","4.42","1.7","5279"
"Grant Balfour","2","3","3.86","0","58","57.0","45","25","7","56","32","1.33","8.78","4.99","4.43","-0.3","718"
"Casey Sadler","4","6","4.27","15","21","92.0","96","44","9","47","30","1.38","4.59","2.95","4.44","-0.4","11209"
"Ernesto Frieri","3","5","4.09","0","69","68.0","56","31","14","92","24","1.19","12.22","3.24","4.44","-0.4","5178"
"David Hale","4","6","4.03","19","30","121.0","119","54","10","74","56","1.45","5.56","4.15","4.45","-0.3","9756"
"Eric Fornataro","2","2","4.66","0","43","52.0","56","27","4","26","20","1.48","4.54","3.50","4.47","-0.5","7042"
"Bryan Morris","6","4","4.15","0","58","72.0","76","33","8","45","23","1.38","5.63","2.89","4.47","-0.9","10234"
"Wilton Lopez","2","3","5.31","0","51","54.0","73","32","9","37","10","1.52","6.06","1.59","4.48","-0.2","4227"
"Miguel Gonzalez","8","10","4.41","26","30","157.0","159","77","22","129","54","1.35","7.39","3.07","4.48","1.4","7024"
"Jose Cisnero","1","3","5.48","0","34","49.0","54","30","6","49","28","1.68","8.97","5.25","4.48","-0.3","6399"
"Jake Odorizzi","6","10","4.83","26","28","137.0","144","73","17","119","64","1.52","7.82","4.18","4.48","0.5","6397"
"Bronson Arroyo","9","11","4.50","27","27","160.0","176","80","22","90","35","1.32","5.04","1.96","4.49","0.6","978"
"Kyle Kendrick","6","12","4.33","26","31","164.0","177","79","22","106","45","1.35","5.79","2.44","4.49","0.0","6230"
"Ryan Vogelsong","6","8","4.16","25","26","140.0","141","65","16","100","53","1.39","6.44","3.38","4.50","-0.1","1011"
"Keith Butler","1","1","5.51","0","37","39.0","42","24","4","34","20","1.58","7.75","4.61","4.50","-0.5","10080"
"Ross Detwiler","4","7","4.20","13","31","102.0","110","48","11","63","38","1.45","5.59","3.33","4.50","-0.5","2859"
"Kyle Gibson","6","10","5.06","24","24","121.0","136","68","10","69","54","1.57","5.12","3.99","4.50","1.0","10123"
"Brad Lincoln","2","3","4.59","0","40","48.0","49","24","7","43","17","1.40","8.11","3.27","4.51","-0.5","4241"
"Justin Miller","2","2","4.66","0","36","45.0","46","23","6","35","18","1.44","7.01","3.60","4.51","0.1","8580"
"Zach Britton","8","8","4.16","17","41","119.0","119","55","13","85","51","1.43","6.38","3.86","4.51","0.1","3240"
"David Phelps","3","4","4.53","13","33","99.0","99","50","14","91","41","1.41","8.19","3.75","4.51","0.4","6316"
"Thomas Kahnle","3","4","4.12","0","47","62.0","55","28","6","56","39","1.51","8.13","5.64","4.52","-0.1","11384"
"Brandon Kintzler","3","3","4.21","0","52","55.0","58","26","8","37","16","1.33","6.00","2.63","4.52","-0.6","9939"
"Blake Wood","1","3","4.97","0","35","36.0","33","20","3","34","25","1.63","8.54","6.40","4.52","-0.3","1345"
"Erik Johnson","5","8","4.98","23","23","118.0","122","65","12","96","58","1.54","7.35","4.47","4.53","1.1","12520"
"Roberto Hernandez","6","9","4.72","23","28","136.0","146","71","18","103","46","1.41","6.82","3.06","4.53","0.0","3273"
"Brandon Maurer","5","9","5.24","21","24","115.0","134","67","13","78","46","1.57","6.06","3.59","4.55","0.4","4878"
"Josh Lueke","2","5","4.60","0","62","80.0","89","41","11","60","26","1.44","6.72","2.92","4.55","-0.6","5722"
"Joel Peralta","5","6","4.40","0","70","60.0","54","29","10","62","24","1.28","9.21","3.54","4.56","-0.3","2332"
"Justin De Fratus","2","3","4.57","0","45","48.0","48","25","6","39","19","1.37","7.26","3.51","4.56","-0.4","4955"
"Jorge de la Rosa","8","10","4.77","23","23","121.0","124","64","15","94","50","1.43","6.94","3.68","4.57","0.9","2047"
"Dellin Betances","3","6","4.86","11","45","93.0","86","50","10","106","69","1.66","10.27","6.65","4.57","-0.1","6216"
"Jason Vargas","9","11","4.22","32","32","204.0","209","96","31","129","48","1.26","5.67","2.11","4.57","1.5","8044"
"John Axford","5","8","4.46","0","72","64.0","60","32","10","71","36","1.50","9.90","5.08","4.58","-0.4","9059"
"Jeremy Jeffress","1","2","5.00","0","33","39.0","43","22","3","36","24","1.72","8.13","5.58","4.59","-0.2","9490"
"Jarred Cosart","6","9","4.40","28","29","148.0","144","73","14","107","74","1.47","6.48","4.48","4.60","0.7","10304"
"Dan Straily","8","9","4.34","30","30","168.0","155","81","26","153","66","1.31","8.19","3.52","4.62","0.9","9460"
"Ryan Rowland-Smith","2","4","5.09","4","28","53.0","56","30","6","42","27","1.57","7.06","4.64","4.62","-0.4","3245"
"Shawn Camp","1","2","4.89","0","39","40.0","48","22","6","26","10","1.44","5.78","2.27","4.64","-0.5","1855"
"Hector Santiago","5","11","4.37","22","34","133.0","130","65","17","119","62","1.44","8.05","4.17","4.64","0.5","4026"
"Cesar Ramos","3","5","4.28","10","47","91.0","86","43","11","69","43","1.42","6.80","4.26","4.65","-0.6","3357"
"Ivan Nova","9","11","4.89","23","24","140.0","157","76","19","100","44","1.44","6.42","2.83","4.65","0.7","1994"
"Daniel Webb","4","3","4.26","0","52","70.0","65","33","5","57","47","1.60","7.34","6.01","4.65","-0.2","10558"
"Jeanmar Gomez","4","7","4.25","13","37","117.0","122","55","15","70","40","1.39","5.41","3.10","4.66","-1.0","9033"
"David Huff","5","7","4.70","14","32","95.0","101","50","12","57","32","1.39","5.36","3.02","4.67","-1.2","4257"
"Kevin Correia","6","15","5.39","27","28","155.0","187","93","21","85","45","1.50","4.92","2.60","4.67","0.7","1767"
"Neil Ramirez","3","8","4.70","17","27","77.0","73","40","10","74","41","1.49","8.74","4.84","4.67","-0.1","7677"
"T.J. McFarland","4","6","4.97","9","25","84.0","99","46","10","55","33","1.57","5.90","3.55","4.67","0.0","3237"
"Chris Rusin","4","8","4.61","19","21","110.0","119","56","13","56","35","1.40","4.63","2.84","4.67","0.4","9895"
"Tom Koehler","7","13","4.03","29","31","164.0","154","74","17","110","78","1.41","6.03","4.25","4.68","-0.3","6570"
"Alfredo Figaro","2","5","4.68","8","18","61.0","65","32","11","44","13","1.28","6.45","1.93","4.68","-0.5","8404"
"Nick Maronde","2","3","4.83","5","46","57.0","62","31","6","48","32","1.66","7.59","5.08","4.68","-0.5","12530"
"Alfredo Simon","8","6","3.56","10","45","111.0","102","44","15","70","33","1.21","5.63","2.64","4.69","-0.8","2155"
"Lucas Luetge","1","2","4.78","0","42","42.0","41","22","5","38","23","1.49","8.15","4.81","4.69","-0.3","8337"
"Jose Valverde","2","2","4.19","0","55","53.0","48","25","9","57","24","1.36","9.53","4.09","4.70","-0.7","1726"
"Jared Burton","4","5","4.70","0","64","60.0","57","31","8","51","26","1.38","7.61","3.90","4.71","-0.2","8346"
"Todd Redmond","4","10","4.74","14","32","112.0","124","59","18","87","37","1.43","6.99","2.95","4.72","-0.1","9943"
"Francisley Bueno","2","3","5.00","0","31","43.0","49","24","5","26","18","1.55","5.36","3.71","4.72","-0.3","5980"
"Chase Anderson","3","4","4.73","10","14","56.0","57","30","8","42","19","1.36","6.75","3.06","4.73","-0.1","6895"
"Wandy Rodriguez","5","8","4.72","19","19","108.0","113","57","18","79","30","1.32","6.53","2.50","4.74","-0.3","2586"
"Randall Delgado","4","9","5.13","21","37","127.0","136","73","19","104","53","1.49","7.35","3.78","4.74","-0.4","5985"
"Yoervis Medina","6","6","4.31","0","67","71.0","63","34","8","71","45","1.53","8.96","5.70","4.75","-0.4","10498"
"Dustin McGowan","3","3","4.59","10","33","74.0","76","38","8","56","35","1.50","6.74","4.24","4.76","0.0","8600"
"Michael Mariot","2","5","5.51","5","35","70.0","78","43","7","46","33","1.60","5.92","4.32","4.76","-0.3","10835"
"Jacob Turner","4","7","4.79","23","23","125.0","136","67","15","75","51","1.49","5.40","3.64","4.76","-0.3","10185"
"Daisuke Matsuzaka","3","6","4.71","13","28","82.0","75","43","9","73","50","1.54","8.06","5.56","4.76","-0.9","7775"
"Arquimedes Caminero","1","4","5.45","0","38","41.0","41","25","6","40","20","1.49","8.74","4.37","4.76","-0.6","8992"
"Brandon Gomes","4","5","4.58","0","59","62.0","60","31","10","52","22","1.33","7.57","3.17","4.76","-0.6","2267"
"Robbie Ray","5","7","4.68","22","22","105.0","109","55","15","90","48","1.49","7.70","4.07","4.77","0.5","11486"
"John Danks","7","11","5.04","25","25","148.0","157","83","21","105","59","1.46","6.36","3.56","4.78","0.9","6329"
"Brad Brach","2","3","5.11","0","51","52.0","56","30","10","52","21","1.47","8.97","3.58","4.79","0.2","6627"
"Franklin Morales","5","6","5.01","13","36","96.0","104","53","14","79","39","1.50","7.44","3.71","4.79","0.1","5088"
"Paul Maholm","7","11","4.42","24","29","146.0","156","72","19","84","48","1.39","5.19","2.96","4.80","-1.2","8678"
"Matt Shoemaker","5","10","4.99","18","22","119.0","138","66","19","74","28","1.40","5.58","2.13","4.80","-0.3","4776"
"James Russell","2","4","4.49","0","68","51.0","49","25","8","39","20","1.36","6.99","3.56","4.80","-0.6","4089"
"Brett Oberholtzer","5","17","5.45","26","28","148.0","173","90","24","110","47","1.48","6.70","2.83","4.83","0.4","3855"
"Chris Leroux","1","4","6.07","3","20","39.0","48","26","5","32","19","1.71","7.25","4.33","4.84","-0.2","7645"
"Donnie Veal","2","4","5.11","0","50","43.0","41","25","4","42","33","1.72","8.71","6.89","4.85","-0.1","4741"
"Josh Wall","2","3","6.09","0","40","42.0","48","28","5","30","22","1.67","6.40","4.65","4.86","-0.5","4436"
"Tanner Scheppers","2","4","5.55","6","53","74.0","83","46","11","57","25","1.47","6.97","3.08","4.86","0.0","10267"
"Jerome Williams","4","10","5.41","12","36","122.0","141","73","19","83","39","1.48","6.16","2.87","4.88","-0.5","1137"
"Esmil Rogers","3","4","5.28","8","49","99.0","113","58","18","86","35","1.48","7.80","3.14","4.89","-0.6","6317"
"Lucas Harrell","5","13","5.61","19","24","112.0","128","70","14","78","56","1.64","6.31","4.49","4.90","-0.1","7541"
"Erasmo Ramirez","5","11","5.07","23","26","127.0","135","71","21","98","46","1.43","6.97","3.25","4.91","0.0","10314"
"Seth Rosin","3","4","5.28","10","25","67.0","75","39","10","44","25","1.49","5.89","3.34","4.95","-0.2","10606"
"Henry Rodriguez","1","2","4.92","0","30","29.0","27","16","2","27","27","1.82","8.33","8.16","4.95","-0.5","6371"
"Vidal Nuno","3","4","5.36","14","22","83.0","92","50","15","64","29","1.45","6.93","3.12","4.97","0.0","9674"
"Jose Dominguez","1","2","5.59","0","32","38.0","37","24","5","39","23","1.56","9.10","5.41","4.97","-0.8","11571"
"J.A. Happ","6","8","4.92","18","23","97.0","100","53","15","87","51","1.55","8.04","4.70","4.97","0.0","7410"
"Bo Schultz","2","4","4.93","5","22","41.0","46","23","4","22","18","1.55","4.83","4.00","4.99","-0.5","5028"
"Josh Zeid","1","2","5.19","0","47","49.0","51","28","9","49","23","1.51","9.07","4.29","5.00","-0.6","6527"
"Red Patterson","2","5","4.76","9","25","71.0","70","38","9","51","36","1.49","6.41","4.52","5.01","-1.1","10710"
"Josh Lindblom","3","4","4.61","9","32","68.0","70","35","10","48","28","1.44","6.34","3.71","5.01","-0.5","7882"
"Chad Bettis","3","7","5.86","14","35","97.0","114","63","16","68","33","1.52","6.31","3.11","5.01","-0.4","10587"
"Charles Riefenhauser","2","3","5.17","0","38","45.0","45","26","6","33","22","1.50","6.59","4.46","5.02","-0.6","11193"
"Jeff Manship","4","7","5.29","9","36","77.0","88","45","8","45","42","1.67","5.25","4.83","5.03","-1.1","6865"
"Carlos Marmol","2","6","5.18","0","61","57.0","53","33","8","66","41","1.64","10.39","6.40","5.03","-1.0","2790"
"Brad Hand","3","8","5.08","17","34","102.0","105","57","13","79","56","1.58","7.03","4.96","5.03","-1.1","9111"
"Cory Rasmus","2","3","5.17","0","44","44.0","47","25","5","39","29","1.71","7.92","5.86","5.04","-0.6","2413"
"Raul Valdes","2","4","5.61","5","33","53.0","58","33","10","46","19","1.47","7.87","3.19","5.05","0.1","1953"
"Brad Peacock","4","14","5.34","24","32","145.0","150","86","24","139","79","1.59","8.63","4.91","5.06","-0.3","5401"
"Brian Wilson","3","5","5.59","0","48","42.0","42","26","6","45","25","1.62","9.84","5.43","5.06","-0.7","6485"
"Jose Veras","2","2","5.33","0","53","49.0","43","29","6","52","33","1.55","9.64","6.13","5.06","-0.8","2063"
"Frank Francisco","0","1","5.33","0","23","21.0","22","13","4","22","11","1.54","9.23","4.67","5.06","-0.2","1933"
"J.J. Hoover","5","8","5.09","0","65","62.0","60","35","12","69","33","1.49","10.01","4.78","5.07","-0.5","9037"
"Joe Saunders","5","10","5.32","19","19","108.0","125","64","17","66","38","1.51","5.49","3.19","5.09","0.6","4366"
"Jose Alvarez","4","8","5.45","15","21","89.0","105","54","14","57","28","1.50","5.74","2.84","5.09","-0.6","5358"
"Luke Putkonen","2","2","5.88","0","37","47.0","52","30","7","37","22","1.60","7.17","4.29","5.10","-0.2","6736"
"Anthony Bass","3","5","5.28","10","45","96.0","108","57","15","56","34","1.48","5.20","3.16","5.12","-1.0","7982"
"Logan Darnell","3","9","5.55","17","19","95.0","112","59","14","54","34","1.54","5.08","3.23","5.14","-0.3","11261"
"Scott Baker","1","2","5.01","6","9","39.0","40","22","7","26","12","1.34","6.01","2.80","5.14","0.4","6176"
"Jeremy Guthrie","8","12","4.84","29","30","183.0","205","99","31","101","48","1.38","4.94","2.36","5.15","0.0","2072"
"Hector Noesi","2","9","6.20","15","33","105.0","127","72","18","74","41","1.60","6.37","3.53","5.16","-0.5","3292"
"Stephen Fife","4","7","4.89","16","17","87.0","95","47","13","56","35","1.49","5.75","3.63","5.17","-1.0","8077"
"Alfredo Aceves","2","7","5.27","5","32","68.0","71","40","12","55","30","1.50","7.36","3.99","5.23","-0.6","5164"
"Luis Garcia","1","3","5.08","0","42","51.0","52","29","8","41","26","1.54","7.23","4.55","5.31","-0.8","6984"
"Cesar Cabral","1","2","6.00","0","28","30.0","35","20","3","27","20","1.81","8.13","5.97","5.34","-0.4","6741"
"Justin Germano","3","7","5.97","12","18","79.0","99","53","14","42","22","1.51","4.80","2.43","5.34","0.1","1938"
"Chris Young","4","3","4.45","16","18","89.0","83","44","13","46","38","1.37","4.65","3.86","5.34","-0.1","3196"
"Kris Johnson","2","5","5.30","11","18","67.0","75","39","8","43","40","1.73","5.80","5.36","5.35","-0.6","886"
"Andre Rienzo","6","8","5.13","21","23","115.0","121","66","17","80","58","1.56","6.28","4.57","5.36","-0.2","3507"
"Blake Beavan","3","10","5.57","17","20","105.0","129","65","19","50","24","1.45","4.28","2.02","5.36","-0.6","338"
"Pedro Beato","2","4","5.16","0","34","41.0","44","24","6","26","21","1.57","5.61","4.50","5.39","-0.9","1330"
"Mike Pelfrey","3","10","6.02","21","22","114.0","137","76","17","66","53","1.67","5.25","4.18","5.40","-0.4","5203"
"John Lannan","4","8","5.65","15","23","89.0","103","56","13","49","39","1.59","4.93","3.93","5.41","-1.5","7080"
"Trevor Bauer","3","9","5.50","18","18","90.0","93","55","12","80","66","1.76","7.95","6.61","5.48","-0.3","12703"
"Pedro Baez","1","3","5.63","0","33","40.0","45","25","7","29","18","1.55","6.47","3.97","5.49","-1.1","5420"
"Nick Christiani","2","5","5.41","0","52","61.0","65","37","10","36","28","1.51","5.31","4.08","5.50","-1.3","10332"
"Jose Ortega","2","5","6.00","0","34","40.0","40","27","5","41","32","1.78","9.17","7.12","5.51","-0.2","9651"
"Shawn Tolleson","1","3","4.92","0","44","50.0","48","27","12","47","19","1.34","8.47","3.43","5.56","-0.5","10481"
"Justin Marks","3","7","6.12","13","17","76.0","91","52","11","51","45","1.78","5.96","5.35","5.57","-0.6","10265"
"B.J. Rosenberg","3","5","5.48","7","41","69.0","81","42","12","49","35","1.68","6.48","4.53","5.59","-1.3","7183"
"Trevor Bell","1","2","6.48","4","20","37.0","45","27","6","23","18","1.70","5.54","4.31","5.59","-0.8","7074"
"Paul Clemens","3","9","5.89","12","29","95.0","112","62","18","59","36","1.55","5.59","3.36","5.60","-1.3","8037"
"Curtis Partch","1","2","4.75","0","37","46.0","42","24","7","37","27","1.49","7.11","5.29","5.66","-0.9","1333"
"Evan Meek","2","5","6.01","5","42","62.0","71","42","10","42","35","1.69","5.98","5.05","5.74","-0.9","5109"
"Daniel McCutchen","1","3","5.75","2","27","43.0","51","28","8","26","19","1.62","5.37","3.97","5.79","-0.6","263"
"Shane Greene","3","8","6.06","17","18","83.0","98","56","14","58","48","1.75","6.31","5.20","5.79","-0.6","10756"
"Felipe Paulino","2","5","6.78","13","16","67.0","85","51","15","61","35","1.78","8.14","4.67","5.81","-0.6","3777"
"Maikel Cleto","1","3","5.88","3","50","68.0","69","44","8","59","63","1.94","7.81","8.30","5.96","-1.0","5529"
"Kevin Chapman","2","3","5.95","0","46","45.0","46","30","7","46","39","1.88","9.10","7.72","5.97","-1.0","11240"
"Pedro Figueroa","3","4","5.84","0","48","51.0","58","33","9","30","28","1.69","5.22","4.99","6.11","-1.0","6616"
"Chad Jenkins","2","6","6.29","12","24","80.0","99","56","18","40","27","1.59","4.57","3.07","6.19","-1.3","10326"
"Charlie Leesman","2","8","6.95","15","17","73.0","91","56","14","54","47","1.89","6.73","5.81","6.19","-0.8","9124"
"Josh Stinson","3","8","6.30","14","36","103.0","123","72","16","54","62","1.80","4.72","5.42","6.20","-1.7","3219"
