"Name","G","PA","AB","H","2B","3B","HR","R","RBI","BB","SO","HBP","SB","CS","AVG","OBP","SLG","OPS","wOBA","Fld","BsR","WAR","playerid"
"Troy Tulowitzki","136","564","481","160","33","3","32","97","102","71","78","5","3","1",".334",".421",".614","1.035",".442","13.3","-0.6","8.4","3531"
"Jose Bautista","130","580","473","133","24","1","33","95","90","99","95","4","6","3",".281",".407",".542",".949",".411","-1.0","-0.9","5.8","1887"
"Mike Trout","158","721","612","178","38","10","30","116","98","96","158","7","34","5",".290",".390",".531",".921",".398","11.2","4.2","9.5","10155"
"Giancarlo Stanton","143","611","527","146","34","1","37","89","111","78","167","4","7","1",".278",".373",".561",".934",".397","7.5","0.3","5.9","4949"
"Miguel Cabrera","153","666","590","181","38","1","34","92","127","68","106","4","2","1",".307",".380",".545",".925",".395","0.6","-0.6","5.5","1744"
"Joey Votto","149","658","530","147","33","1","26","84","72","117","124","7","6","4",".278",".412",".490",".902",".393","3.4","-1.3","4.8","4314"
"Ryan Braun","134","577","518","158","29","4","30","90","102","49","103","5","19","8",".304",".366",".553",".919",".393","-1.1","0.2","4.6","3410"
"Andrew McCutchen","157","693","587","176","36","6","22","94","85","93","119","7","21","7",".299",".398",".494",".892",".389","0.1","0.8","6.8","9847"
"Jose Abreu","142","597","529","144","31","2","37","90","97","51","123","12","1","3",".272",".347",".549",".896",".385","1.2","-1.6","3.9","15676"
"Yasiel Puig","144","595","524","155","26","7","24","88","93","56","118","10","16","11",".296",".374",".510",".884",".385","4.2","-1.9","5.0","14225"
"Shin-Soo Choo","137","605","493","141","28","3","17","82","56","89","128","18","16","9",".286",".410",".456",".866",".384","-4.1","-1.0","3.8","3174"
"David Ortiz","125","540","463","131","28","1","27","66","79","71","84","2","1","0",".284",".380",".522",".902",".380","0.0","-0.3","2.9","745"
"Paul Goldschmidt","158","686","605","176","42","1","30","99","106","71","159","4","13","6",".291",".366",".515",".881",".379","0.7","-0.4","4.2","9218"
"Freddie Freeman","158","670","590","172","35","1","27","88","99","69","128","8","1","4",".292",".371",".493",".864",".376","-1.2","-1.9","3.7","5361"
"Mark Teixeira","88","374","321","83","13","0","22","52","70","46","72","6","1","2",".258",".360",".500",".861",".376","-0.2","-1.1","2.1","1281"
"Justin Morneau","128","526","483","145","33","2","22","63","91","34","73","5","0","0",".301",".349",".515",".864",".374","0.3","-0.5","2.1","1737"
"Devin Mesoraco","90","340","307","92","22","1","13","42","54","27","65","3","2","3",".301",".359",".504",".863",".374","0.2","-1.0","3.2","5666"
"Buster Posey","145","586","513","153","23","1","22","71","82","65","76","5","2","2",".298",".381",".476",".857",".372","2.9","-1.2","5.8","9166"
"Bryce Harper","125","526","462","130","25","8","20","74","64","56","109","3","11","7",".282",".360",".496",".857",".372","-3.1","-1.0","3.0","11579"
"Edwin Encarnacion","144","613","538","143","35","4","28","83","97","68","92","5","8","1",".266",".353",".502",".855",".371","-2.6","0.5","3.4","2151"
"Michael Cuddyer","101","419","380","113","24","2","17","56","63","34","66","1","7","2",".296",".354",".499",".853",".370","-8.4","0.1","0.9","1534"
"Chase Utley","121","525","466","137","35","6","15","70","68","42","70","13","8","3",".293",".364",".489",".853",".369","3.9","-0.2","4.5","1679"
"Mike Napoli","132","541","455","116","28","1","22","59","76","77","152","7","1","2",".255",".369",".463",".833",".367","3.4","-1.2","3.0","3057"
"Chris Davis","135","561","489","128","26","1","30","76","91","56","168","10","5","2",".262",".347",".504",".850",".367","-2.2","-0.4","2.6","9272"
"Charlie Blackmon","137","549","505","153","30","5","20","84","75","29","74","6","20","5",".302",".344",".497",".842",".366","2.5","1.3","3.2","7859"
"Corey Dickerson","124","443","410","118","27","8","17","56","58","27","92","2","8","7",".289",".331",".520",".852",".366","1.9","-1.3","2.4","10762"
"Justin Upton","153","650","567","152","27","3","29","93","77","71","174","8","16","4",".268",".355",".483",".839",".366","1.3","0.9","4.1","5222"
"Carlos Gomez","146","576","519","142","28","7","26","83","69","40","145","10","30","5",".274",".336",".504",".840",".365","8.5","3.3","5.3","4881"
"Carlos Gonzalez","139","584","533","148","32","5","28","86","93","47","124","2","17","3",".277",".336",".512",".849",".365","-4.3","1.6","2.1","7287"
"Jayson Werth","133","559","489","139","25","1","18","71","65","59","108","9","11","1",".283",".370",".445",".815",".361","-5.9","1.0","2.6","1327"
"Ryan Zimmerman","105","445","400","114","23","1","18","58","62","40","85","1","3","1",".284",".348",".482",".830",".361","-2.3","-0.1","2.8","4220"
"Seth Smith","127","462","405","113","31","6","12","52","48","48","92","6","2","1",".278",".360",".468",".828",".361","-2.7","-0.4","2.3","7331"
"Derek Norris","114","400","343","91","18","1","14","46","55","53","92","3","6","1",".266",".367",".443",".810",".360","-3.1","0.4","3.0","6867"
"Anthony Rizzo","158","675","584","154","28","3","28","88","95","79","130","8","5","5",".264",".356",".467",".823",".359","6.1","-1.5","3.2","3473"
"George Kottaras","44","126","106","25","4","1","7","14","16","17","33","1","1","0",".231",".341",".482",".823",".359","-1.8","0.0","1.0","5506"
"Albert Pujols","136","600","538","147","32","0","31","79","92","52","66","6","6","1",".274",".342",".504",".846",".359","4.4","0.4","3.7","1177"
"Victor Martinez","136","565","513","157","30","0","20","58","80","44","43","1","2","2",".306",".357",".483",".840",".359","-1.8","-1.0","2.2","393"
"Adam LaRoche","123","501","437","118","21","1","19","61","73","62","109","1","1","1",".270",".360",".455",".815",".356","-0.6","-0.6","1.7","1904"
"Josh Hamilton","103","437","393","109","21","3","18","57","61","39","102","3","5","1",".278",".346",".478",".824",".356","0.6","0.2","2.9","1875"
"Melky Cabrera","144","626","588","181","33","6","17","87","64","33","90","1","13","5",".308",".345",".469",".814",".356","-11.2","0.1","2.3","4022"
"John Jaso","101","337","286","77","14","2","8","39","34","45","63","3","3","1",".270",".372",".421",".794",".355","-4.7","0.0","2.0","5887"
"Hanley Ramirez","133","564","505","135","36","2","21","74","72","52","97","5","17","6",".267",".341",".469",".810",".354","-12.5","0.4","3.2","8001"
"Matt Kemp","123","497","447","122","28","1","20","71","64","47","131","2","17","5",".272",".342",".475",".818",".354","-14.5","0.8","1.9","5631"
"Adam Lind","113","426","380","103","21","1","17","52","60","43","87","1","1","0",".273",".346",".466",".813",".354","-1.2","-0.3","1.6","8027"
"Eric Hosmer","158","677","617","188","43","2","15","77","78","51","98","2","9","4",".305",".356",".452",".808",".353","0.9","-0.5","2.4","3516"
"Mark Reynolds","130","516","450","105","18","1","31","64","80","59","165","4","5","1",".234",".326",".483",".808",".353","1.9","0.0","2.4","7619"
"Nelson Cruz","147","615","561","146","28","1","33","75","102","48","141","4","5","5",".260",".322",".490",".812",".352","-8.8","-1.4","1.6","2434"
"Mark Trumbo","128","526","487","124","25","2","32","70","98","34","126","3","4","3",".255",".306",".512",".818",".351","-7.5","-0.7","1.1","6876"
"Matt Holliday","143","620","540","149","33","1","17","76","89","70","103","7","5","3",".276",".364",".433",".797",".351","-6.3","-0.9","2.2","1873"
"Brandon Belt","149","567","508","134","26","3","24","74","72","51","140","6","10","3",".264",".337",".465",".802",".350","0.4","0.4","2.5","10264"
"Marlon Byrd","147","601","557","161","41","3","17","66","83","31","137","10","2","1",".289",".337",".465",".802",".350","0.1","-0.7","2.2","950"
"Adrian Beltre","128","540","497","140","28","1","22","72","74","37","77","3","1","0",".281",".334",".471",".805",".350","-1.6","-0.4","2.9","639"
"Adrian Gonzalez","155","661","594","163","34","1","27","80","103","58","116","3","2","0",".274",".340",".472",".811",".350","5.6","-0.2","3.2","1908"
"Scott Van Slyke","113","387","340","86","21","3","14","50","46","43","99","2","7","4",".253",".339",".455",".793",".348","1.8","-0.6","2.0","4365"
"Prince Fielder","157","677","573","150","30","0","24","77","86","90","103","11","1","1",".262",".370",".438",".808",".348","-3.1","-0.9","1.6","4613"
"Brandon Moss","147","553","490","124","23","3","26","67","92","49","136","11","5","2",".253",".332",".468",".800",".347","0.2","-0.4","2.5","4467"
"Joe Mauer","136","603","519","153","25","1","10","82","57","78","103","1","3","2",".294",".385",".400",".785",".347","0.2","-0.9","2.6","1857"
"Jonathan Lucroy","136","533","485","139","31","3","13","54","68","43","70","3","6","5",".287",".346",".441",".787",".346","0.1","-1.4","3.7","7870"
"Yoenis Cespedes","143","610","550","143","29","4","26","84","86","52","116","4","7","5",".261",".327",".472",".799",".346","-1.7","-1.2","2.8","13110"
"Juan Francisco","109","368","334","85","16","3","18","46","59","28","123","3","1","2",".254",".315",".483",".798",".346","1.9","-1.0","1.8","6978"
"Dustin Pedroia","149","682","611","175","45","1","12","87","67","66","75","2","15","9",".286",".356",".424",".780",".345","10.0","-1.4","4.9","8370"
"Ian Kinsler","145","661","596","171","35","2","16","95","75","50","64","8","18","11",".287",".347",".435",".782",".345","5.1","-1.2","4.5","6195"
"Steve Pearce","66","220","195","49","11","0","9","23","27","21","52","3","1","1",".253",".334",".452",".786",".345","0.7","-0.2","0.7","9957"
"Evan Longoria","146","624","553","148","29","3","23","81","86","60","130","6","3","1",".267",".342",".453",".795",".345","10.0","-0.6","5.4","9368"
"Josh Willingham","85","353","296","70","15","0","13","41","46","45","91","10","1","1",".238",".353",".424",".777",".344","-3.2","-0.4","1.3","2103"
"Nolan Arenado","157","642","600","176","46","3","18","72","81","31","82","2","3","3",".294",".327",".468",".795",".344","13.7","-1.1","3.9","9777"
"Todd Frazier","149","589","527","132","34","3","24","74","83","47","127","10","10","3",".251",".323",".464",".787",".343","6.0","0.5","4.0","785"
"Matt Joyce","140","498","417","107","25","1","15","62","64","63","98","6","6","5",".257",".354",".429",".783",".342","-2.1","-1.3","2.1","3353"
"Yadier Molina","140","565","527","158","32","0","14","57","75","30","62","4","5","2",".300",".341",".442",".783",".342","8.9","-0.3","5.0","7007"
"Carlos Ruiz","119","462","404","111","30","1","8","57","46","47","56","8","4","1",".276",".362",".412",".774",".342","1.1","-0.3","3.2","2579"
"Gaby Sanchez","136","404","359","93","23","1","12","46","47","38","71","5","3","1",".261",".338",".437",".775",".342","-0.1","-0.1","1.7","3361"
"Jacoby Ellsbury","132","590","537","155","33","6","11","78","55","47","90","3","36","7",".289",".347",".433",".780",".342","0.9","3.9","3.7","4727"
"Miguel Montero","134","552","472","125","23","1","16","54","75","61","96","12","0","0",".265",".358",".420",".778",".342","-2.2","-0.7","3.2","3364"
"Neil Walker","151","637","565","149","29","2","21","80","82","49","97","17","5","3",".264",".340",".433",".773",".341","-10.3","-0.8","2.5","7539"
"Josh Donaldson","151","665","593","153","35","1","24","93","88","62","128","5","6","2",".259",".332",".443",".776",".341","9.9","-0.3","4.8","5038"
"Jarrod Saltalamacchia","126","470","416","103","26","1","19","59","49","50","136","1","1","1",".248",".328",".447",".775",".341","-2.0","-0.5","3.0","5557"
"Adam Dunn","130","541","452","99","19","0","25","57","67","82","174","3","2","1",".218",".341",".427",".768",".340","-1.7","-0.4","0.8","319"
"David Wright","139","617","551","155","31","3","16","73","83","55","128","6","14","6",".280",".348",".431",".779",".340","-1.5","-0.3","3.5","3787"
"Jay Bruce","149","624","542","132","28","3","26","88","95","76","164","2","13","3",".243",".336",".451",".788",".340","1.3","0.9","2.4","9892"
"Anthony Rendon","136","564","511","139","32","7","15","71","71","44","103","4","3","1",".272",".331",".448",".779",".340","-7.7","-0.3","2.2","12861"
"Dayan Viciedo","148","577","529","147","33","3","17","68","65","39","123","5","1","1",".277",".330",".443",".774",".339","-7.9","-0.7","1.2","3917"
"Howie Kendrick","147","632","577","167","33","6","12","80","70","41","110","8","21","6",".290",".345",".427",".772",".339","1.0","1.0","4.2","4229"
"Evan Gattis","111","430","404","102","19","1","24","47","64","20","93","4","1","1",".253",".295",".488",".783",".339","-2.5","-0.7","2.5","11003"
"Robinson Cano","158","679","613","178","35","3","16","79","87","55","91","5","7","3",".290",".351",".433",".785",".338","0.0","-0.4","3.8","3269"
"Christian Yelich","132","586","524","140","25","8","14","86","51","56","141","1","17","5",".267",".337",".427",".764",".338","6.0","0.7","2.9","11477"
"Michael Brantley","151","632","574","161","31","3","16","77","89","49","68","3","16","4",".281",".338",".428",".766",".337","-3.0","0.9","2.9","4106"
"Kyle Seager","154","655","585","151","36","1","21","79","80","57","123","10","9","6",".258",".332",".429",".761",".337","-2.9","-1.4","3.3","9785"
"Torii Hunter","138","591","554","161","31","2","16","74","82","25","103","8","4","3",".291",".328",".439",".766",".337","-9.4","-0.9","1.2","731"
"Matt Wieters","135","548","499","134","26","0","21","61","80","42","99","1","1","1",".268",".323",".450",".773",".337","2.3","-0.9","3.4","4298"
"Austin Jackson","147","658","577","157","31","9","13","89","55","65","137","3","16","6",".271",".342",".423",".765",".337","0.3","0.4","3.5","9848"
"Jason Kipnis","138","596","517","132","28","4","16","75","72","67","112","5","22","5",".255",".343",".414",".757",".337","-6.8","1.7","2.9","9776"
"Aramis Ramirez","124","500","452","120","20","1","19","52","79","32","68","11","3","1",".266",".327",".440",".767",".336","-0.1","-0.2","2.3","1002"
"Ben Zobrist","152","671","577","152","32","3","14","88","60","83","97","3","13","5",".263",".355",".400",".755",".336","7.6","0.1","4.8","7435"
"Scott Hairston","71","174","164","44","9","1","7","21","24","8","37","1","2","1",".270",".306",".466",".773",".336","-4.4","0.0","0.1","1926"
"Michael Morse","128","476","439","113","25","1","21","56","66","27","112","7","0","1",".258",".309",".459",".768",".335","-11.9","-0.7","0.3","3035"
"Ike Davis","124","444","383","94","23","0","13","60","58","59","98","1","1","2",".246",".346",".411",".756",".335","-0.3","-1.1","1.2","8433"
"Mitch Moreland","137","465","420","113","26","2","14","52","60","33","104","3","1","1",".270",".325",".444",".768",".335","1.2","-0.6","0.8","3086"
"Jed Lowrie","133","569","500","131","37","1","11","67","58","57","74","7","1","0",".262",".343",".408",".752",".335","-3.6","-0.5","2.9","4418"
"Jhonny Peralta","138","560","506","129","30","1","20","58","65","48","100","4","1","1",".255",".323",".436",".759",".334","4.9","-0.8","3.7","1738"
"Colby Rasmus","142","557","511","122","30","2","28","73","74","40","163","3","3","2",".240",".298",".471",".769",".334","-6.7","-0.7","1.9","9893"
"Carlos Santana","149","632","521","114","29","1","20","72","69","107","120","2","4","1",".218",".352",".392",".744",".334","-2.5","-0.4","3.0","2396"
"Daniel Murphy","144","622","579","172","39","3","9","84","66","38","76","1","21","5",".297",".339",".422",".761",".334","-4.1","1.6","3.1","4316"
"Matt Adams","130","470","446","126","31","1","14","45","51","21","113","0","1","2",".283",".313",".451",".764",".334","4.7","-1.1","1.6","9393"
"Carlos Beltran","137","569","517","132","30","1","25","65","75","44","101","2","5","2",".255",".313",".461",".774",".334","-8.0","-0.3","0.9","589"
"Yan Gomes","119","438","404","106","23","3","16","54","52","25","105","6","1","0",".261",".311",".450",".761",".333","1.4","-0.2","3.2","9627"
"Lonnie Chisenhall","117","422","388","109","27","1","9","54","40","22","84","8","4","0",".281",".332",".422",".754",".333","-2.3","0.4","1.6","7571"
"Aaron Hill","135","572","521","141","34","5","13","57","70","40","89","7","6","3",".270",".328",".429",".757",".332","-5.6","-0.6","1.5","6104"
"Lucas Duda","140","514","448","110","19","1","18","56","64","56","132","8","2","2",".245",".338",".410",".748",".332","-10.2","-1.0","0.4","2502"
"Coco Crisp","118","499","439","116","19","5","13","70","50","52","67","0","28","5",".263",".338",".415",".752",".332","-10.6","3.2","2.0","1572"
"Ryan Howard","116","487","437","108","19","3","22","57","76","43","144","4","0","0",".246",".317",".456",".773",".332","-4.6","-0.4","0.5","2154"
"Desmond Jennings","149","640","557","140","31","6","16","89","50","64","133","8","31","7",".251",".335",".412",".747",".332","2.4","2.8","4.2","1965"
"Angel Pagan","131","557","513","149","29","5","8","71","52","39","75","1","24","7",".291",".339",".414",".754",".331","-3.5","1.5","2.7","2918"
"Chris Iannetta","100","374","306","68","15","0","11","36","45","62","86","3","4","1",".220",".354",".379",".733",".331","-0.8","-0.1","2.7","8267"
"Starlin Castro","158","687","644","183","35","6","16","76","69","35","105","5","12","7",".284",".324",".431",".755",".331","-1.6","-0.9","3.1","4579"
"Xander Bogaerts","144","593","524","137","29","3","12","64","50","57","143","8","6","6",".262",".342",".396",".738",".330","-4.1","-1.6","2.5","12161"
"Matt Carpenter","154","657","569","153","32","3","8","91","64","75","118","6","4","2",".269",".358",".379",".736",".330","-3.8","-0.8","2.9","8090"
"Nick Markakis","150","670","608","175","28","3","11","72","59","56","69","3","6","4",".288",".348",".398",".746",".330","-6.7","-1.2","1.1","5930"
"Hank Conger","88","301","273","72","16","1","10","31","40","20","64","3","0","1",".263",".319",".433",".752",".330","-1.6","-0.6","1.9","2505"
"Sean Rodriguez","101","289","258","63","17","1","10","40","36","20","73","7","5","2",".242",".312",".439",".751",".330","3.5","-0.1","1.5","6589"
"Yangervis Solarte","135","568","516","147","33","1","10","57","64","41","65","3","2","1",".286",".338",".407",".745",".330","-1.1","-0.5","2.3","5352"
"A.J. Pollock","144","538","496","136","31","6","11","66","47","35","97","2","19","5",".274",".323",".427",".750",".329","2.7","1.4","2.5","9256"
"Avisail Garcia","100","395","370","104","10","4","13","51","44","18","82","5","7","4",".280",".321",".428",".748",".329","-2.1","-0.8","0.8","5760"
"Alex Gordon","157","687","621","165","42","3","14","86","72","57","126","5","7","6",".267",".331",".413",".745",".329","17.8","-1.7","4.0","5209"
"Alex Avila","124","452","383","89","22","1","12","47","50","62","133","3","1","3",".231",".341",".389",".731",".328","1.2","-1.5","2.5","7476"
"James Loney","155","594","536","154","35","0","8","55","74","46","66","5","3","1",".288",".347",".397",".744",".328","6.9","-0.5","2.0","4556"
"Mike Carp","102","322","292","75","19","1","9","39","45","26","75","3","2","3",".257",".321",".422",".743",".328","-1.6","-1.0","0.7","7480"
"Rickie Weeks","118","413","364","91","18","1","11","51","35","38","98","9","7","3",".250",".335",".399",".733",".328","-6.0","-0.5","1.0","1849"
"Wil Myers","152","660","601","157","30","2","21","84","82","55","160","3","6","3",".261",".324",".421",".744",".328","1.9","-0.9","2.8","10047"
"Eric Chavez","85","226","205","54","9","2","7","19","29","19","48","1","1","0",".261",".326",".422",".748",".328","-0.9","0.1","0.6","906"
"Josh Rutledge","107","412","379","104","21","3","10","48","42","21","82","6","10","3",".275",".321",".423",".745",".328","-1.6","0.2","0.8","11167"
"Jimmy Rollins","142","615","548","144","26","5","14","79","60","62","87","1","21","6",".262",".337",".404",".740",".327","0.7","1.0","3.1","971"
"Jonny Gomes","113","377","323","75","17","0","13","42","54","43","103","6","2","1",".232",".330",".405",".735",".327","-4.6","-0.3","0.5","1845"
"Adam Jones","158","672","635","173","30","3","25","84","91","25","135","7","13","3",".273",".304",".446",".750",".327","-1.9","0.7","3.0","6368"
"Josmil Pinto","134","550","487","122","22","1","17","68","56","56","119","3","0","1",".250",".329",".404",".734",".327","-3.2","-0.9","1.4","6806"
"Alexei Ramirez","158","658","619","181","31","5","13","78","75","28","79","3","22","7",".292",".324",".421",".745",".327","-0.4","1.1","3.2","5133"
"Brett Lawrie","130","544","496","126","21","3","21","63","74","36","97","7","8","3",".253",".310",".434",".744",".327","4.7","-0.2","3.0","5247"
"Salvador Perez","138","552","516","143","34","2","13","52","61","30","65","3","1","0",".277",".319",".427",".746",".326","6.8","-0.2","4.1","7304"
"Alfonso Soriano","143","587","544","135","30","1","29","75","89","30","156","6","8","4",".248",".291",".462",".754",".326","-1.6","-0.4","0.9","847"
"Alex Rios","154","636","595","170","33","7","13","72","77","33","98","2","26","10",".285",".322",".428",".751",".326","6.8","0.6","2.3","2090"
"Kevin Kouzmanoff","80","319","299","82","22","1","8","36","46","12","52","6","1","1",".274",".314",".434",".748",".326","-3.3","-0.3","0.9","5995"
"Kole Calhoun","107","453","414","104","21","5","14","60","53","35","89","2","10","3",".252",".312",".430",".742",".326","2.4","0.4","2.0","11200"
"Jose Reyes","114","518","471","126","29","4","12","76","44","40","51","2","25","5",".268",".325",".420",".745",".326","-4.4","2.4","2.3","1736"
"Shane Victorino","107","475","424","114","25","4","9","55","53","31","70","9","17","3",".270",".329",".409",".738",".326","7.5","1.9","2.2","1677"
"Pedro Alvarez","154","632","563","128","19","1","33","71","98","63","175","3","6","1",".227",".307",".441",".748",".326","-4.9","0.0","2.0","2495"
"Brett Gardner","130","514","455","123","19","6","7","73","48","44","110","7","27","5",".270",".342",".385",".727",".326","7.4","3.0","2.8","9927"
"Yasmani Grandal","100","364","317","74","20","0","10","39","39","45","86","1","3","0",".235",".331",".396",".728",".325","-4.8","0.2","1.5","11368"
"David DeJesus","127","462","409","103","25","3","10","51","45","43","74","6","3","3",".251",".331",".398",".729",".325","-8.0","-0.9","0.3","1825"
"Justin Smoak","144","580","515","123","27","0","22","66","76","55","133","4","0","1",".240",".316",".420",".736",".325","-0.5","-1.2","1.1","9054"
"Chris Young","113","434","386","91","25","1","15","56","52","39","98","6","13","5",".236",".313",".423",".736",".325","4.2","0.3","2.1","3882"
"Brian Dozier","151","674","588","143","22","3","21","99","65","70","124","6","27","8",".243",".328",".401",".728",".325","3.2","1.7","3.9","9810"
"Drew Stubbs","138","471","421","111","21","2","12","69","45","39","121","2","20","3",".264",".326",".409",".735",".325","3.1","2.2","1.5","9328"
"Reed Johnson","95","190","173","49","13","1","2","23","20","7","32","7","1","1",".280",".328",".404",".732",".324","-0.2","-0.3","0.5","1702"
"Billy Butler","158","648","577","157","30","0","14","60","77","61","110","3","1","0",".272",".341",".397",".738",".324","0.0","-0.6","0.6","7399"
"Ryan Wheeler","99","371","347","96","19","2","10","38","50","20","80","2","2","1",".275",".316",".424",".739",".324","-3.1","-0.5","0.4","9312"
"Casey McGehee","141","564","508","137","29","2","9","47","72","52","115","1","0","1",".270",".336",".390",".726",".324","2.0","-1.2","2.1","6086"
"Kelly Johnson","130","468","418","96","20","5","18","46","55","44","121","3","8","3",".230",".306",".430",".736",".323","-0.4","0.2","1.4","2234"
"Dexter Fowler","141","568","486","119","17","6","11","66","38","74","143","3","17","9",".244",".346",".371",".717",".323","-11.5","-0.8","1.5","4062"
"Jason Castro","120","486","427","100","21","2","16","54","57","45","138","10","1","1",".234",".320",".409",".729",".323","0.7","-0.6","2.5","8722"
"Oswaldo Arcia","97","397","363","90","17","4","13","46","47","28","109","4","2","4",".248",".308",".428",".736",".323","-5.8","-1.6","0.4","10306"
"Jason Heyward","142","598","523","124","27","2","18","70","53","66","128","5","16","5",".236",".326",".397",".723",".323","26.2","0.3","4.5","4940"
"Michael McKenry","54","172","157","40","11","0","5","17","23","13","37","1","0","0",".253",".314",".419",".733",".322","-2.7","-0.2","0.2","9628"
"Chris Carter","137","555","484","100","27","3","25","64","72","61","186","6","2","1",".206",".300",".431",".732",".322","-3.4","-0.3","0.3","9911"
"Juan Uribe","117","428","399","109","23","1","12","43","55","24","85","2","1","1",".274",".315",".426",".741",".322","12.2","-0.7","3.0","454"
"Asdrubal Cabrera","150","625","563","143","35","3","16","77","65","45","112","11","12","4",".254",".320",".408",".729",".322","-5.4","0.1","2.9","4962"
"Josh Thole","91","295","267","76","13","1","4","30","26","23","46","2","0","5",".283",".343",".381",".725",".322","-3.5","-2.3","0.9","9689"
"Tyler Flowers","104","364","328","86","13","0","10","42","37","28","124","5","1","2",".261",".329",".391",".720",".322","-1.5","-1.1","1.7","9134"
"Allen Craig","136","553","508","131","26","3","16","61","78","37","101","5","2","0",".258",".313",".415",".728",".321","-1.2","-0.2","1.1","3433"
"Hunter Pence","158","683","618","160","31","6","16","96","75","57","115","3","17","3",".259",".323",".404",".728",".321","0.9","1.3","2.4","8252"
"JR Murphy","98","372","342","89","18","1","11","41","40","25","70","2","1","1",".261",".314",".412",".725",".321","-4.1","-0.6","1.3","10346"
"Brandon Barnes","140","458","415","113","26","3","7","60","43","28","109","4","11","7",".272",".322",".401",".724",".321","-1.0","-0.7","0.3","629"
"Gerardo Parra","154","616","562","153","28","6","12","77","51","39","98","5","11","8",".272",".322",".408",".730",".320","3.9","-1.5","1.4","8553"
"Starling Marte","145","624","569","149","25","10","12","82","46","33","159","17","35","10",".262",".320",".403",".723",".320","13.5","2.5","3.4","9241"
"Ryan Ludwick","106","407","363","92","18","0","12","33","57","34","89","5","0","1",".255",".324",".401",".725",".320","-3.6","-0.7","0.2","1260"
"Don Kelly","94","217","195","51","7","2","4","25","17","18","31","1","3","0",".264",".330",".386",".716",".320","-0.4","0.3","0.7","2216"
"Kurt Suzuki","119","457","404","109","23","1","8","38","66","37","49","6","1","1",".270",".335",".386",".721",".320","-1.2","-0.5","1.9","8259"
"Jose Altuve","158","698","644","187","39","4","6","71","55","43","74","2","41","13",".290",".334",".391",".725",".320","-8.7","2.2","2.2","5417"
"Manny Machado","121","529","489","128","29","3","14","62","55","31","84","2","5","4",".261",".306",".421",".727",".319","9.4","-1.0","2.9","11493"
"Justin Ruggiano","99","345","312","75","16","1","12","41","43","29","93","2","9","6",".242",".309",".413",".722",".319","-1.7","-1.0","0.5","7620"
"Andre Ethier","139","531","473","124","26","1","11","52","65","49","105","5","3","3",".261",".335",".389",".724",".319","-3.1","-1.1","1.2","6265"
"Cameron Maybin","80","311","283","75","16","3","5","42","24","24","62","2","14","3",".265",".325",".394",".719",".319","3.3","1.2","1.6","5223"
"Chase Headley","124","510","451","108","24","1","15","58","59","52","119","4","9","3",".239",".322",".396",".718",".319","5.8","0.2","2.7","4720"
"Zach Walters","124","391","369","90","18","4","18","48","51","17","106","2","3","2",".243",".278",".457",".735",".319","-3.5","-0.5","0.7","10622"
"Adam Eaton","116","525","457","118","21","4","5","75","48","49","89","14","17","8",".258",".345",".357",".703",".319","-3.2","-0.4","1.4","11205"
"Domonic Brown","141","555","505","128","24","3","18","58","72","45","103","1","12","3",".254",".315",".417",".732",".318","-5.5","0.6","0.6","3154"
"Wilson Ramos","62","242","218","55","10","0","9","24","34","19","38","1","0","1",".253",".313",".416",".728",".318","1.8","-0.5","1.4","1433"
"Chris Colabello","144","596","548","136","31","0","20","64","91","41","163","6","1","4",".248",".305",".414",".719",".318","-9.9","-1.9","-0.2","13051"
"Marcell Ozuna","127","525","488","125","23","3","18","64","70","29","120","2","5","1",".257",".299",".427",".726",".318","3.4","-0.1","2.1","10324"
"Jon Jay","145","506","449","122","22","3","6","52","50","35","77","11","9","5",".272",".338",".377",".715",".318","-1.7","-0.8","1.2","5227"
"Welington Castillo","114","451","403","99","23","0","13","41","49","31","116","11","1","0",".245",".315",".400",".715",".318","0.9","-0.3","2.2","3256"
"Michael Choice","138","536","473","119","20","0","13","57","64","52","119","6","3","2",".252",".330",".378",".708",".318","-4.7","-0.7","0.4","11376"
"Russell Martin","102","412","357","84","13","0","12","46","49","44","78","8","5","2",".236",".329",".377",".706",".317","5.2","-0.3","2.9","4616"
"Corey Hart","126","532","478","115","20","1","19","58","59","38","117","13","5","1",".240",".311",".408",".718",".317","-4.7","-0.1","-0.2","1945"
"Trevor Plouffe","141","594","532","129","37","3","14","69","70","50","136","7","2","2",".243",".315",".400",".714",".317","-1.8","-1.0","1.7","7462"
"George Springer","124","545","488","114","20","3","20","64","60","48","179","5","19","7",".234",".308",".407",".715",".317","-6.6","0.3","0.7","12856"
"Nick Castellanos","148","618","575","153","30","2","18","62","72","31","122","4","3","2",".265",".304",".421",".725",".317","-3.3","-0.7","1.6","11737"
"Chris Denorfia","137","456","421","118","16","5","7","52","42","30","65","1","15","2",".279",".327",".388",".715",".317","2.0","1.8","1.6","4400"
"Paul Konerko","109","388","348","90","15","0","11","35","47","30","57","5","0","0",".258",".321",".395",".716",".316","-4.1","-0.4","0.2","242"
"Steve Clevenger","80","274","253","68","21","2","3","27","27","19","42","0","0","1",".267",".318",".400",".718",".316","-4.2","-0.5","0.9","9542"
"Garrett Jones","143","517","468","113","26","1","18","54","59","44","133","1","2","1",".241",".304",".420",".724",".316","-3.3","-0.3","0.0","2714"
"Wilin Rosario","114","442","417","107","20","1","18","47","65","19","93","1","2","1",".257",".288",".439",".727",".316","-1.5","-0.5","1.0","8002"
"David Murphy","139","487","436","110","25","3","10","48","57","46","67","1","6","4",".252",".322",".390",".712",".316","4.7","-0.9","1.4","6035"
"Delmon Young","120","449","424","113","21","1","14","42","55","18","92","5","1","1",".267",".303",".414",".718",".316","-4.3","-0.6","-0.2","2140"
"Nick Swisher","144","618","532","122","32","1","15","65","62","77","137","3","1","1",".230",".328",".375",".703",".316","-5.3","-0.8","0.6","4599"
"Eric Campbell","84","300","259","64","13","1","5","35","29","32","60","5","5","2",".246",".336",".362",".698",".315","-1.0","-0.1","0.5","6938"
"Alberto Callaspo","138","537","473","121","19","0","10","54","58","61","59","1","2","1",".256",".340",".362",".702",".315","-3.1","-0.8","0.1","3336"
"A.J. Pierzynski","126","481","450","122","19","1","15","49","71","15","77","10","1","1",".270",".305",".418",".724",".315","2.7","-0.6","2.4","746"
"Conor Gillaspie","119","460","413","110","22","3","8","50","51","39","83","1","1","2",".266",".326",".387",".713",".315","-2.1","-1.0","1.0","9009"
"Will Middlebrooks","111","446","408","99","20","1","16","46","57","28","115","8","5","1",".241",".302",".414",".715",".315","1.6","0.0","1.5","7002"
"Josh Harrison","125","358","333","89","19","7","5","49","35","14","50","5","12","7",".266",".303",".414",".717",".314","1.7","-0.7","1.1","8202"
"Scott Sizemore","72","276","244","59","15","1","7","36","33","24","79","3","3","2",".241",".315",".389",".704",".314","-2.0","-0.5","0.7","2881"
"Khris Davis","129","502","458","107","26","2","18","65","57","30","135","10","5","3",".233",".294",".420",".714",".314","-2.1","-0.8","0.3","9112"
"Ryan Hanigan","104","342","298","77","14","0","6","24","48","36","51","4","0","0",".257",".344",".360",".704",".314","3.4","-0.4","2.2","4952"
"Derek Dietrich","128","499","447","105","22","3","15","69","55","31","122","16","4","2",".236",".308",".398",".705",".314","-4.3","-0.4","1.1","10542"
"Curtis Granderson","128","532","465","102","18","3","19","64","59","57","139","6","10","3",".219",".310",".396",".705",".314","-0.1","0.5","1.1","4747"
"Caleb Gindl","104","392","352","87","17","3","9","38","39","35","85","1","3","2",".247",".315",".392",".707",".314","-5.5","-0.6","0.4","5002"
"Jose Lobaton","91","315","281","71","19","1","5","26","32","29","66","2","0","1",".251",".323",".384",".707",".314","0.6","-0.6","1.4","4243"
"Matt Dominguez","155","604","556","141","30","1","18","64","67","37","100","5","0","2",".253",".303",".408",".711",".314","1.4","-1.4","2.0","4903"
"Collin Cowgill","127","426","378","96","16","2","8","52","37","35","95","5","9","2",".254",".325",".374",".699",".314","7.7","0.5","2.3","7250"
"Leonys Martin","133","498","449","121","15","6","9","56","52","30","103","5","29","11",".269",".321",".388",".709",".314","3.2","1.1","2.0","11846"
"Peter Bourjos","116","364","329","80","13","8","7","50","35","22","90","8","11","2",".244",".307",".401",".708",".313","5.9","1.0","2.1","2578"
"Dustin Ackley","150","605","540","137","24","4","12","80","58","57","106","1","7","3",".253",".324",".381",".705",".313","0.3","-0.7","1.3","10099"
"Nick Franklin","101","415","369","89","18","4","10","49","41","40","94","1","7","1",".240",".314",".390",".704",".313","-0.4","0.5","1.8","10166"
"Mike Zunino","121","489","445","107","20","2","18","64","58","31","130","8","1","2",".241",".299",".416",".715",".313","0.8","-1.0","2.4","13265"
"Emilio Bonifacio","130","523","474","134","24","3","2","67","27","40","102","1","37","10",".282",".338",".359",".697",".312","2.6","3.0","2.1","4054"
"Martin Maldonado","75","259","228","55","11","1","7","24","32","22","65","4","1","1",".241",".316",".382",".698",".312","1.2","-0.4","1.2","6887"
"Brayan Pena","80","260","245","67","13","0","7","20","30","11","32","1","3","2",".275",".306",".414",".720",".312","-1.8","-0.5","0.8","3231"
"Craig Gentry","113","317","279","73","13","3","1","44","16","27","59","7","21","3",".262",".341",".347",".688",".312","10.7","2.8","2.5","9571"
"Brian McCann","125","504","458","110","14","0","20","54","65","40","82","4","1","1",".240",".306",".406",".711",".311","-0.1","-0.5","2.0","4810"
"Luis Valbuena","136","474","409","94","23","2","9","49","43","60","102","2","2","2",".230",".331",".362",".693",".311","3.3","-0.9","1.5","4969"
"Tyler Moore","109","346","320","73","17","1","16","37","48","21","100","2","1","0",".228",".279",".434",".713",".311","2.9","0.0","0.9","7244"
"Kevin Frandsen","122","359","329","90","18","1","4","35","31","14","38","11","2","1",".275",".325",".372",".697",".311","3.6","-0.5","0.8","7528"
"Ian Desmond","157","652","601","151","28","3","20","73","79","40","155","3","18","6",".250",".299",".408",".707",".311","-7.5","0.6","1.8","6885"
"Brandon Phillips","149","646","597","161","31","1","14","73","70","33","102","5","6","6",".270",".311",".396",".707",".311","9.0","-1.9","2.5","791"
"Omar Infante","136","568","524","144","21","7","8","56","59","31","53","2","6","2",".275",".315",".389",".704",".311","3.6","-0.2","2.2","1609"
"Martin Prado","153","662","615","169","31","5","9","73","69","39","76","3","4","5",".274",".318",".384",".702",".311","0.5","-1.8","1.4","3312"
"Erik Kratz","69","226","209","49","9","0","11","23","35","13","46","3","1","0",".233",".285",".430",".715",".311","-1.7","-0.1","0.5","4403"
"Erick Aybar","149","630","589","162","35","8","8","80","63","25","62","3","14","7",".275",".305",".404",".709",".310","5.8","-0.5","3.6","4082"
"Dioner Navarro","103","362","331","90","12","1","7","39","45","25","43","1","1","1",".271",".320",".379",".699",".310","-1.7","-0.4","1.1","3179"
"Chris Parmelee","102","398","357","88","17","1","9","38","37","35","85","3","1","2",".247",".318",".376",".694",".310","0.8","-1.1","0.6","2554"
"Mike Aviles","123","430","397","109","19","1","9","52","49","18","54","1","14","6",".275",".305",".398",".703",".309","-2.8","0.0","1.2","5986"
"Scooter Gennett","155","599","556","155","25","5","9","62","49","26","93","2","11","8",".278",".311",".391",".702",".309","2.5","-1.3","1.8","10339"
"Ichiro Suzuki","138","447","424","123","19","3","5","56","31","18","52","1","16","5",".290",".318",".385",".703",".309","5.0","0.9","1.4","1101"
"Andrelton Simmons","145","589","547","145","24","8","12","57","49","31","54","3","7","8",".265",".304",".403",".707",".309","15.1","-2.4","3.5","10847"
"Chris Owings","144","588","555","152","31","5","8","61","48","26","123","2","16","4",".274",".307",".393",".700",".308","2.5","1.1","2.0","10030"
"Nyjer Morgan","95","339","294","78","10","2","4","41","27","24","63","7","10","3",".264",".330",".353",".683",".308","-2.2","0.6","1.0","4885"
"Danny Valencia","104","401","380","98","21","1","11","41","45","20","74","0","1","3",".259",".294",".407",".701",".308","-3.6","-1.1","0.4","6364"
"Dee Gordon","135","571","527","148","19","9","2","73","37","35","95","3","61","12",".281",".328",".363",".691",".308","-2.5","6.9","2.3","8203"
"Didi Gregorius","80","326","297","77","13","4","5","35","30","22","56","3","2","4",".259",".313",".385",".698",".308","2.0","-1.4","1.0","6012"
"Rajai Davis","121","449","414","112","18","2","6","61","38","22","77","9","45","10",".271",".319",".372",".690",".307","0.7","4.6","1.1","3708"
"Jackie Bradley Jr","129","518","454","107","32","3","6","64","48","51","130","10","13","5",".236",".325",".358",".683",".307","2.5","0.0","1.2","12984"
"Chris Johnson","148","573","541","148","28","2","11","43","61","25","137","3","3","0",".273",".308",".392",".700",".307","-2.7","0.1","1.4","1191"
"Brandon Crawford","143","529","468","114","23","6","10","55","55","48","107","6","5","5",".244",".317",".383",".701",".307","2.8","-1.5","2.3","5343"
"DJ LeMahieu","153","578","532","152","23","5","3","61","51","37","84","3","15","9",".287",".334",".364",".698",".307","5.1","-1.0","1.1","9874"
"Norichika Aoki","150","656","594","164","24","6","3","78","39","44","63","7","17","10",".277",".332",".353",".684",".307","4.9","-1.1","1.3","13075"
"Rougned Odor","91","388","363","94","19","2","9","40","40","15","73","7","14","9",".260",".301",".394",".694",".307","-1.2","-1.0","0.6","12282"
"Josh Reddick","142","541","489","116","18","7","14","64","57","46","118","3","7","2",".237",".305",".387",".692",".307","9.7","0.0","1.9","3892"
"Cody Asche","148","565","515","125","28","3","15","58","65","45","133","3","5","3",".243",".305",".391",".697",".307","-10.1","-0.6","0.1","11997"
"Jason Kubel","121","463","416","101","20","2","10","44","55","44","143","2","0","1",".243",".318",".374",".692",".306","-11.3","-0.7","-0.6","2161"
"Mike Olt","122","454","406","85","13","1","22","48","59","41","141","4","2","1",".209",".286",".409",".695",".306","-1.8","-0.3","0.5","10698"
"J.D. Martinez","104","391","361","94","22","1","7","43","55","24","89","2","3","1",".261",".308",".385",".693",".306","-0.9","-0.1","0.5","6184"
"Logan Morrison","86","330","291","67","12","2","9","35","33","35","66","3","2","1",".229",".315",".372",".688",".306","-0.9","-0.2","-0.1","9205"
"Wilmer Flores","98","411","385","100","21","3","9","47","52","20","65","2","1","2",".259",".297",".398",".695",".306","-2.9","-0.9","0.8","5827"
"A.J. Ellis","79","303","258","60","10","1","5","26","30","35","57","5","0","1",".233",".334",".340",".674",".306","0.9","-0.6","1.1","5677"
"Jean Segura","140","578","542","146","20","7","11","71","52","22","83","6","33","14",".270",".305",".393",".698",".306","-1.0","0.7","2.0","5933"
"Gordon Beckham","113","448","409","104","20","1","9","50","35","29","70","6","5","2",".254",".311",".375",".686",".306","1.7","-0.3","1.3","9015"
"Steve Tolleson","83","319","288","70","19","4","5","33","28","25","72","2","6","2",".244",".307",".381",".688",".306","0.5","0.2","0.7","4450"
"Elvis Andrus","158","700","618","165","30","4","4","84","53","57","89","5","39","9",".267",".330",".348",".678",".306","2.8","3.5","2.8","8709"
"C.J. Cron","95","397","377","96","22","1","12","39","51","10","77","8","3","3",".256",".288",".409",".697",".306","-0.6","-0.8","0.2","12546"
"Marcus Semien","142","628","561","132","28","4","14","84","67","59","151","3","14","4",".234",".309",".373",".683",".306","-4.4","0.7","1.3","12533"
"Pablo Sandoval","142","575","524","129","27","3","14","62","64","45","93","3","1","1",".245",".309",".389",".698",".305","-2.3","-0.7","1.4","5409"
"Anthony Recker","76","259","233","53","12","1","9","30","31","20","77","1","3","1",".228",".293",".399",".691",".305","-0.5","-0.2","1.0","4063"
"B.J. Upton","144","576","513","115","28","3","17","60","50","54","170","2","26","8",".224",".299",".390",".689",".305","2.3","1.6","1.9","5015"
"Junior Lake","129","482","450","114","24","3","13","53","48","22","156","3","19","6",".253",".290",".405",".695",".305","3.2","1.1","0.9","4672"
"Eduardo Escobar","119","410","379","102","25","3","5","42","35","20","84","1","7","5",".268",".304",".387",".692",".305","2.7","-0.9","1.4","6153"
"Johnny Giavotella","99","421","385","100","19","2","7","47","44","29","61","2","5","3",".261",".313",".372",".685",".304","-0.9","-0.4","1.0","6740"
"John Mayberry","128","348","316","72","18","1","11","41","41","29","78","2","4","1",".229",".296",".392",".688",".304","-0.9","0.0","0.2","3390"
"J.J. Hardy","139","581","539","142","26","1","15","62","62","29","81","1","1","1",".263",".298",".397",".695",".304","13.1","-0.7","3.2","3797"
"Derek Jeter","90","414","372","98","14","1","5","38","27","33","65","5","5","2",".262",".329",".342",".671",".304","-5.9","-0.4","0.5","826"
"L.J. Hoes","129","496","443","114","20","3","5","49","35","43","87","3","10","6",".258",".324",".349",".674",".303","-3.7","-0.9","0.3","6656"
"Jose Tabata","139","474","431","112","23","4","4","54","36","29","73","8","8","5",".260",".316",".360",".677",".303","0.8","-0.7","0.7","2411"
"Jordan Pacheco","108","399","367","97","25","3","3","31","39","21","53","5","3","1",".264",".311",".373",".684",".303","-1.7","-0.4","0.2","2677"
"Tommy Medica","85","310","279","62","15","1","10","39","38","24","96","5","1","1",".221",".292",".390",".681",".303","-0.9","-0.5","0.2","11147"
"Jonathan Villar","139","548","491","115","23","6","14","64","48","39","156","3","39","9",".235",".294",".391",".685",".303","-6.3","3.9","1.6","10071"
"Juan Lagares","130","523","487","130","28","6","5","55","50","25","115","5","9","8",".267",".307",".383",".690",".303","7.7","-1.7","2.0","5384"
"Lorenzo Cain","105","417","383","102","18","3","5","48","43","24","86","5","13","3",".267",".317",".365",".682",".303","13.4","1.1","2.7","9077"
"Jim Adduci","95","332","304","79","14","1","5","39","30","23","72","1","12","5",".261",".313",".366",".679",".302","-3.5","0.3","-0.2","6448"
"Jonathan Schoop","120","486","451","109","23","1","15","55","55","22","113","10","2","3",".241",".290",".392",".681",".302","0.4","-1.1","1.0","11265"
"Donnie Murphy","103","346","310","70","15","1","11","38","43","26","90","5","2","1",".226",".293",".390",".683",".302","-6.2","-0.4","-0.2","4704"
"Daniel Nava","104","410","359","82","19","1","8","43","40","35","87","12","3","1",".227",".316",".352",".669",".302","0.3","-0.4","0.1","5450"
"Josh Satin","114","405","354","81","20","1","7","40","38","45","107","3","1","2",".229",".320",".344",".664",".301","0.2","-1.0","0.3","6788"
"Ryan Kalish","86","273","248","64","10","3","3","33","21","21","58","1","10","5",".259",".317",".361",".678",".301","-2.7","-0.2","-0.2","6962"
"Randal Grichuk","102","411","388","94","20","7","11","48","45","15","79","5","6","4",".243",".278",".413",".691",".301","7.1","-0.7","1.0","10243"
"Billy Hamilton","141","570","521","137","19","8","6","71","41","38","113","1","63","17",".263",".312",".364",".676",".300","6.7","5.3","2.4","10199"
"Denard Span","133","594","547","144","28","10","3","74","39","38","63","1","16","3",".263",".310",".367",".677",".300","6.4","1.4","2.2","8347"
"Chris Heisey","118","328","301","73","13","1","9","39","32","16","71","6","9","1",".244",".293",".385",".678",".300","9.6","1.2","1.4","3978"
"Travis Snider","130","416","376","88","14","3","10","41","45","37","96","1","5","3",".235",".304",".369",".673",".300","-4.3","-0.5","-0.1","2830"
"Charlie Culberson","122","431","407","103","22","3","10","47","53","12","90","5","9","4",".254",".284",".401",".685",".300","0.8","-0.3","0.2","3298"
"Jesus Guzman","124","370","338","79","17","1","11","36","41","28","93","2","5","1",".233",".294",".383",".677",".300","2.5","0.1","0.3","3118"
"Carl Crawford","116","445","419","110","21","5","7","55","41","21","66","2","17","5",".262",".297",".385",".682",".300","-1.3","0.8","0.4","1201"
"Anthony Gose","105","412","371","91","18","6","4","44","33","32","105","4","20","8",".246",".310",".360",".670",".300","4.8","0.4","1.4","5097"
"Andrew Brown","96","339","307","68","14","2","11","38","46","27","97","2","1","1",".223",".287",".393",".680",".300","0.8","-0.6","0.3","3837"
"Joey Butler","89","363","326","78","16","1","6","36","31","32","104","3","3","2",".240",".312",".355",".667",".299","-2.9","-0.6","-0.1","7799"
"Ryan Doumit","113","361","333","83","17","1","8","29","42","24","67","2","0","0",".249",".301",".376",".677",".299","-4.5","-0.4","0.0","2113"
"Brennan Boesch","70","244","226","55","12","1","6","24","24","15","50","2","4","1",".242",".292",".386",".677",".299","-3.7","0.1","-0.1","914"
"Alfredo Marte","78","297","279","70","19","1","6","30","35","13","68","4","2","1",".250",".290",".388",".677",".299","0.2","-0.4","-0.1","5212"
"Kirk Nieuwenhuis","82","291","259","58","12","1","9","36","33","26","90","1","4","2",".222",".294",".381",".674",".299","-1.0","-0.2","0.5","6400"
"Danny Espinosa","146","565","517","118","24","3","19","58","51","29","169","12","14","3",".228",".284",".397",".680",".299","0.3","1.3","1.2","9219"
"Yunel Escobar","148","589","528","133","23","1","8","45","41","50","74","3","3","2",".252",".318",".345",".663",".299","-5.2","-0.9","1.5","4191"
"Marc Krauss","128","473","414","85","19","1","14","47","49","54","139","3","3","2",".206",".300",".361",".662",".298","-5.4","-0.7","-0.8","7577"
"Cliff Pennington","112","350","313","78","16","2","4","34","28","30","62","2","8","4",".249",".318",".347",".665",".298","2.0","-0.4","0.8","3395"
"Lyle Overbay","108","329","298","72","15","1","7","32","41","28","68","0","2","0",".242",".305",".370",".674",".298","-0.9","0.1","-0.2","1617"
"Brandon Hicks","117","439","388","79","16","1","17","52","47","41","154","5","4","3",".203",".285",".386",".671",".298","1.3","-0.9","1.2","4003"
"Dean Anna","102","375","330","76","16","2","7","49","37","35","68","5","2","2",".230",".310",".352",".662",".298","3.8","-0.8","1.2","8353"
"Michael Saunders","136","465","411","93","19","3","11","66","44","45","114","1","12","7",".225",".302",".366",".668",".298","5.1","-0.8","1.0","9981"
"Sam Fuld","95","293","265","63","14","6","3","34","23","23","48","1","13","3",".239",".301",".369",".669",".298","15.2","0.9","2.3","8254"
"Eduardo Nunez","80","282","258","68","11","2","3","28","23","17","39","1","14","3",".264",".312",".357",".668",".298","-2.9","1.2","0.7","6848"
"Nick Hundley","100","298","278","68","15","1","7","23","32","16","70","3","1","1",".246",".291",".387",".678",".297","0.1","-0.6","0.6","3376"
"Travis d'Arnaud","99","384","346","79","15","1","10","34","38","33","82","2","2","1",".229",".298",".366",".665",".297","-1.0","-0.2","1.3","7739"
"Robinson Chirinos","95","362","325","77","14","1","8","35","36","26","78","6","1","1",".236",".304",".358",".662",".297","2.7","-0.7","1.4","3142"
"Eric Young","134","499","437","108","17","7","3","74","26","44","98","5","43","5",".248",".322",".338",".659",".297","7.1","6.0","1.8","7158"
"Dan Uggla","134","538","472","98","16","1","18","60","60","54","151","9","1","1",".207",".298",".363",".661",".297","-4.9","-0.8","0.5","3442"
"Brock Holt","95","380","341","91","13","3","1","38","34","30","65","2","8","5",".266",".325",".334",".659",".297","-1.6","-0.6","0.3","9345"
"Greg Garcia","90","332","287","67","16","3","2","36","23","30","67","9","6","3",".233",".323",".326",".649",".296","-3.2","-0.1","0.6","10951"
"Tyler Colvin","83","272","251","55","10","6","8","26","31","18","82","1","3","1",".219",".273",".404",".677",".296","-4.2","-0.1","0.2","5310"
"Grady Sizemore","66","272","246","56","14","2","6","27","30","22","59","2","4","1",".227",".294",".370",".664",".295","-4.8","0.1","-0.5","2197"
"Alejandro De Aza","152","623","566","135","22","5","14","74","56","42","131","5","18","11",".239",".295",".369",".665",".295","1.3","-1.3","0.3","3371"
"Alcides Escobar","158","622","575","152","29","4","6","70","56","31","85","4","32","3",".264",".304",".362",".666",".295","-3.2","4.3","1.8","6310"
"Stefen Romero","115","452","424","104","22","3","11","56","47","16","99","8","5","4",".244",".284",".385",".669",".295","-0.5","-0.9","0.0","11746"
"Steven Souza","79","285","255","55","11","2","8","30","32","24","86","4","10","5",".216",".293",".367",".660",".294","-1.3","-0.3","-0.2","5667"
"Grant Green","105","449","421","108","21","2","7","46","40","21","96","3","4","5",".257",".296",".369",".665",".294","-4.5","-1.5","0.4","10053"
"Alex Presley","141","544","505","122","17","7","13","62","46","32","104","2","10","6",".242",".287",".380",".667",".294","-2.7","-0.7","0.0","5305"
"Cesar Hernandez","106","419","388","104","14","7","1","42","32","24","85","1","15","8",".269",".310",".350",".661",".294","-2.8","-0.5","0.2","10556"
"Maicer Izturis","81","296","271","72","12","0","3","28","22","19","32","2","6","3",".264",".315",".338",".654",".294","-0.9","-0.4","0.3","2437"
"Brian Roberts","82","323","289","70","12","2","4","38","28","29","54","0","8","2",".243",".310",".342",".652",".293","-3.9","0.4","0.3","166"
"David Freese","120","460","411","96","15","1","10","48","48","37","115","8","1","1",".234",".305",".347",".652",".293","-4.0","-0.8","0.3","9549"
"Raul Ibanez","124","455","408","83","15","3","18","44","66","43","110","1","2","0",".203",".279",".384",".663",".293","1.8","0.0","0.1","607"
"Mike Baxter","75","221","195","43","9","3","3","24","17","20","43","4","4","3",".222",".307",".343",".650",".293","-0.4","-0.6","0.0","4464"
"Kolten Wong","119","471","435","111","16","5","5","46","39","30","64","3","17","3",".256",".307",".353",".659",".293","3.6","1.6","1.4","12532"
"Kyle Blanks","60","213","194","44","9","1","6","26","19","15","63","3","1","1",".225",".290",".369",".659",".293","-2.2","-0.2","-0.2","49"
"Cody Ross","100","369","342","82","15","1","9","37","42","23","79","3","2","1",".241",".293",".367",".660",".293","-2.0","-0.5","-0.5","1760"
"Ryan Sweeney","91","293","265","65","14","2","4","28","29","22","48","1","1","0",".244",".302",".355",".657",".293","-3.9","-0.2","-0.3","6352"
"Mike Moustakas","146","574","525","116","29","2","18","52","62","39","101","4","3","2",".221",".277",".387",".664",".292","4.2","-0.7","1.4","4892"
"Jemile Weeks","92","416","371","91","13","6","3","48","25","33","66","3","11","4",".245",".312",".336",".648",".292","-2.5","0.3","0.4","2498"
"Michael Bourn","121","541","496","126","18","9","4","63","44","36","124","2","25","12",".254",".305",".350",".656",".292","4.0","-0.3","1.6","6387"
"Jaff Decker","76","304","264","56","13","2","6","38","30","34","80","2","3","3",".213",".305",".343",".648",".292","-1.7","-0.9","0.2","7945"
"Jeff Baker","83","230","208","48","12","2","5","26","23","16","46","2","1","0",".232",".288",".376",".663",".292","1.1","-0.1","0.2","2073"
"Steve Lombardozzi","123","432","406","110","15","4","3","43","28","16","65","4","8","3",".272",".305",".352",".657",".292","-2.6","-0.1","0.2","5422"
"Hector Sanchez","104","306","283","71","15","0","7","25","54","13","79","3","0","2",".251",".287",".376",".663",".291","-1.4","-1.1","0.6","10289"
"Chris Coghlan","75","270","243","57","11","2","3","27","19","23","48","2","4","3",".236",".307",".340",".647",".290","-3.1","-0.5","-0.5","6878"
"Roger Kieschnick","77","286","265","58","13","4","8","35","33","19","91","1","2","2",".219",".271",".391",".662",".290","-1.4","-0.6","-0.5","5225"
"Skip Schumaker","89","281","255","64","11","1","3","26","30","20","45","2","1","1",".250",".307",".339",".646",".290","-10.1","-0.6","-0.9","3704"
"Marwin Gonzalez","105","327","303","78","16","1","5","36","22","15","53","2","5","4",".256",".294",".359",".653",".289","-4.6","-0.9","-0.2","5497"
"Efren Navarro","100","406","374","93","23","1","4","43","37","27","72","1","3","2",".249",".300",".349",".649",".289","2.1","-0.5","0.1","9854"
"Ryan Roberts","91","309","277","64","12","1","6","33","27","28","66","1","6","4",".230",".301",".343",".644",".289","0.4","-0.7","0.3","5653"
"Robbie Grossman","109","479","414","87","17","3","8","52","37","55","133","3","11","7",".210",".306",".327",".633",".289","-9.5","-1.2","-1.1","5254"
"Travis Ishikawa","82","238","214","49","12","2","4","20","24","18","59","2","1","0",".228",".292",".362",".654",".289","1.9","-0.1","0.0","4793"
"Daniel Santana","100","431","405","108","18","4","3","45","35","15","80","4","13","7",".266",".297",".354",".651",".289","-1.5","-0.6","0.7","10322"
"Neftali Soto","107","385","361","83","16","1","13","40","47","17","100","3","3","1",".231",".269",".390",".659",".289","-3.2","0.0","-0.3","5663"
"Tony Sanchez","93","352","322","77","16","1","5","30","40","21","90","7","1","1",".240",".300",".343",".643",".289","-3.8","-0.6","0.4","6178"
"Tyler Pastornicky","100","325","296","74","12","3","3","34","25","20","51","1","7","3",".252",".299",".349",".648",".288","0.0","-0.3","0.2","6777"
"Ben Revere","136","555","523","149","9","7","1","65","28","22","59","2","41","10",".284",".314",".331",".645",".288","-0.7","3.7","0.9","4712"
"Yonder Alonso","143","533","487","119","29","1","6","45","50","41","76","1","8","3",".244",".302",".346",".648",".288","4.0","0.1","0.1","2530"
"Tyler Collins","96","380","351","82","17","1","8","35","39","23","79","3","5","3",".233",".286",".360",".647",".287","0.3","-0.3","-0.2","12723"
"Nate McLouth","125","416","362","77","16","2","8","41","24","41","68","6","11","3",".213",".303",".334",".637",".287","3.8","0.8","0.5","3190"
"Brad Miller","148","636","582","133","24","4","14","76","59","45","137","4","11","5",".229",".288",".354",".642",".287","0.4","-0.1","1.5","12775"
"Logan Schafer","107","342","309","73","20","3","3","31","34","21","61","3","7","4",".236",".290",".354",".644",".287","3.7","-0.6","0.0","7937"
"Will Venable","151","523","478","108","20","6","11","59","44","37","130","4","14","8",".226",".285",".363",".648",".286","3.7","-0.7","0.7","211"
"Everth Cabrera","125","544","497","126","24","5","2","61","25","36","121","1","35","10",".254",".305",".333",".638",".286","-3.4","2.4","1.2","8155"
"Nate Schierholtz","133","452","413","96","22","3","9","42","50","28","93","3","8","5",".233",".282",".370",".653",".286","5.1","-0.8","-0.3","6201"
"Daric Barton","123","423","363","78","16","1","5","46","38","51","76","4","2","1",".216",".317",".302",".619",".286","3.3","-0.6","0.1","5928"
"Justin Maxwell","89","262","236","48","11","1","7","34","27","22","89","3","6","3",".205",".282",".355",".636",".286","-1.4","-0.4","-0.2","6827"
"Roger Bernadina","122","293","254","53","10","1","6","29","22","31","71","3","11","2",".208",".301",".330",".631",".285","-0.8","1.1","0.0","6421"
"Adeiny Hechavarria","154","629","586","150","25","9","4","59","46","33","113","2","9","10",".256",".295",".349",".644",".285","-2.6","-2.6","0.5","10459"
"David Ross","50","163","146","28","8","0","6","12","15","15","59","1","1","1",".192",".267",".373",".640",".285","-1.4","-0.6","0.3","1551"
"Luis Sardinas","86","367","342","91","12","1","2","38","23","16","61","5","17","7",".268",".308",".326",".634",".285","0.8","0.2","0.8","13153"
"John Buck","84","321","287","63","11","0","8","28","33","28","81","4","1","1",".221",".297",".340",".637",".285","-2.0","-0.4","0.7","2041"
"Ryan Flaherty","110","384","350","79","17","1","9","39","40","25","87","6","2","1",".224",".285",".354",".639",".285","-0.4","-0.5","0.4","7888"
"Brandon Guyer","89","304","279","66","13","3","5","41","26","14","64","6","9","2",".238",".286",".352",".638",".285","-0.9","0.8","0.3","2636"
"Jedd Gyorko","140","583","538","118","20","1","20","65","74","38","140","2","6","1",".220",".272",".375",".647",".284","-3.9","0.1","0.2","10816"
"Francisco Cervelli","44","165","146","33","6","1","2","16","15","12","39","5","1","0",".225",".303",".317",".620",".283","-1.3","0.1","0.0","5275"
"Ender Inciarte","99","393","364","94","14","4","3","39","28","18","51","3","25","6",".258",".297",".338",".634",".283","2.7","2.1","0.5","4922"
"Tucker Barnhart","82","309","280","66","12","1","5","27","26","21","58","1","1","1",".236",".290",".341",".631",".283","4.7","-0.4","1.0","10200"
"Moises Sierra","118","427","397","90","14","2","12","49","46","22","108","5","6","4",".228",".276",".360",".637",".283","3.0","-0.7","-0.3","6050"
"Jimmy Paredes","100","383","361","89","18","3","6","47","36","16","89","1","19","7",".245",".278",".362",".640",".283","-1.0","0.6","-0.3","5481"
"Austin Romine","54","189","174","42","8","0","3","21","18","12","42","1","1","0",".239",".289",".342",".631",".282","-0.4","-0.1","0.4","5491"
"Rene Rivera","83","268","251","61","14","1","5","21","29","10","59","3","0","1",".242",".278",".360",".638",".282","4.4","-0.5","1.1","3648"
"Miguel Olivo","58","200","190","44","6","2","7","24","23","7","64","0","2","2",".230",".255",".396",".651",".282","-0.7","-0.5","0.3","1638"
"Justin Turner","105","321","293","71","17","1","3","24","24","21","53","3","3","1",".241",".296",".333",".629",".282","-3.3","0.0","0.1","5235"
"Jarrod Dyson","106","331","296","74","8","4","1","44","20","23","56","1","31","5",".251",".306",".319",".625",".282","12.5","3.8","2.0","4866"
"Luis Jimenez","82","337","319","78","17","1","6","35","35","10","62","3","7","3",".246",".274",".364",".638",".281","-0.3","-0.1","0.4","6341"
"Donovan Solano","115","354","325","82","13","2","3","32","27","19","58","3","3","1",".253",".300",".329",".629",".281","3.3","0.0","0.4","8623"
"Tony Cruz","56","160","146","35","8","1","1","13","19","12","27","1","0","2",".240",".298",".330",".627",".281","1.4","-1.0","0.5","2802"
"Ramon Santiago","74","204","180","41","7","1","2","21","14","17","31","2","0","1",".230",".301",".317",".618",".281","0.0","-0.5","0.0","1417"
"Adrian Nieto","84","308","278","61","13","1","6","32","27","25","101","1","2","1",".219",".285",".339",".624",".281","-0.5","-0.4","0.3","10294"
"Ramiro Pena","80","226","208","47","9","1","5","22","19","16","48","1","1","1",".226",".282",".353",".635",".281","2.3","-0.5","0.4","8841"
"Bryan Holaday","80","284","260","63","12","1","3","27","25","15","56","3","3","1",".244",".291",".334",".625",".281","3.4","0.0","0.9","11287"
"Brendan Ryan","86","284","254","60","12","1","3","31","23","21","54","3","5","2",".235",".297",".324",".621",".280","4.5","0.0","0.8","6073"
"J.P. Arencibia","108","388","360","74","17","1","16","40","54","20","103","3","1","1",".206",".251",".388",".640",".279","-2.6","-0.4","0.4","697"
"Kevin Kiermaier","82","322","295","70","9","5","3","33","23","19","72","4","10","6",".239",".291",".331",".623",".279","2.0","-0.5","0.6","11038"
"James Jones","91","363","331","78","15","3","3","45","25","26","99","1","13","6",".236",".293",".330",".623",".279","0.2","-0.1","-0.3","9767"
"Daniel Descalso","130","331","299","70","18","2","3","35","29","23","56","3","5","2",".233",".292",".339",".631",".279","-5.9","0.0","-0.5","8392"
"Jordy Mercer","138","486","446","105","25","2","7","50","41","24","83","7","3","3",".236",".284",".351",".635",".279","1.6","-0.8","0.7","6547"
"Jordan Danks","115","360","317","65","12","2","8","37","31","38","119","2","11","4",".204",".291",".327",".618",".279","2.1","0.2","0.1","9187"
"Jose Ramirez","85","352","327","83","11","3","3","41","25","18","36","1","14","8",".255",".294",".329",".623",".278","2.5","-0.5","0.6","13510"
"Eric Sogard","117","418","374","87","18","2","3","45","34","35","48","2","12","4",".234",".301",".314",".615",".278","3.6","0.5","0.8","7927"
"Aaron Hicks","123","488","423","84","17","3","8","57","39","58","134","1","13","6",".199",".296",".314",".609",".278","-6.4","-0.3","-0.4","5297"
"Elian Herrera","94","364","328","79","10","3","3","39","27","26","83","3","10","4",".241",".301",".314",".615",".278","2.1","0.2","0.2","5432"
"Mark Ellis","101","386","348","84","13","2","3","39","38","25","66","7","6","1",".240",".301",".317",".618",".278","6.4","0.4","0.8","1443"
"Shane Robinson","85","181","162","37","5","1","2","19","15","17","25","1","3","1",".226",".302",".310",".611",".277","1.4","0.2","0.1","4249"
"Zack Cozart","143","583","544","126","28","4","10","58","50","25","99","5","3","1",".233",".271",".356",".627",".277","10.8","-0.1","1.5","2616"
"Jason Bartlett","65","257","228","53","10","1","1","34","19","20","49","3","6","3",".232",".302",".305",".607",".277","-3.3","-0.4","-0.1","8219"
"David Lough","133","489","453","108","18","6","7","53","41","20","75","6","15","3",".239",".278",".349",".627",".277","8.4","1.2","0.6","7215"
"Logan Forsythe","106","358","316","68","16","1","5","40","25","30","82","8","6","1",".214",".296",".314",".610",".277","-2.6","0.3","-0.5","7185"
"Cole Gillespie","92","320","287","62","11","2","5","35","24","30","72","2","7","3",".217",".293",".317",".610",".277","-0.6","-0.3","-0.4","5888"
"Jason Giambi","47","123","107","20","5","0","3","10","14","12","32","3","0","1",".183",".287",".318",".605",".276","-1.2","-0.4","-0.4","818"
"Darwin Barney","139","501","459","110","18","3","5","55","40","32","63","4","5","1",".239",".292",".325",".618",".275","8.3","-0.1","0.6","2430"
"Brent Morel","79","300","277","65","15","1","4","27","24","18","61","1","5","2",".234",".281",".335",".616",".275","1.1","0.0","0.2","6402"
"Leury Garcia","102","331","303","74","11","3","3","36","18","18","88","1","22","7",".243",".288",".327",".615",".275","1.4","1.5","0.2","5913"
"Carlos Corporan","74","236","215","44","6","1","9","23","23","11","51","5","0","1",".207",".259",".368",".626",".275","-0.8","-0.4","0.3","5587"
"Drew Butera","62","199","179","40","8","1","4","24","19","12","47","3","0","0",".222",".275",".344",".619",".275","0.5","-0.2","0.6","3411"
"Munenori Kawasaki","77","277","248","61","7","3","1","30","22","18","41","2","6","3",".247",".302",".305",".606",".275","-2.6","-0.3","-0.2","13047"
"Ruben Tejada","137","540","480","115","24","1","1","44","36","47","84","5","3","2",".239",".312",".303",".614",".275","-3.8","-0.7","-0.1","5519"
"Gerald Laird","54","165","145","32","7","1","1","11","9","17","33","1","1","1",".221",".306",".304",".610",".275","1.7","-0.3","0.4","1698"
"John McDonald","63","133","121","29","5","0","1","10","12","8","21","3","0","0",".238",".301",".311",".612",".275","0.4","-0.1","0.1","395"
"Ed Lucas","94","365","332","78","13","1","5","38","27","24","83","3","2","1",".234",".290",".318",".608",".274","1.3","-0.5","0.0","7532"
"Alexi Amarista","150","456","419","97","17","5","5","47","43","30","73","1","10","5",".232",".283",".332",".616",".273","0.8","-0.2","0.2","9063"
"Xavier Nady","98","288","265","56","11","0","8","28","28","19","64","3","1","0",".211",".269",".344",".613",".273","-1.0","0.0","-0.4","1658"
"Abraham Almonte","119","498","457","102","20","4","7","55","37","35","136","2","16","5",".223",".280",".328",".608",".273","4.2","0.7","0.5","5486"
"Jeff Mathis","71","218","193","40","8","1","5","19","20","18","70","1","1","0",".206",".276",".336",".612",".273","0.5","-0.1","0.2","3448"
"Gregor Blanco","125","356","309","65","10","5","3","37","24","39","72","1","12","4",".212",".299",".298",".597",".272","1.8","0.6","0.1","3123"
"Pedro Ciriaco","82","286","271","69","11","2","3","31","22","8","48","1","12","4",".256",".279",".341",".620",".272","0.7","0.6","0.3","5278"
"Ryan Raburn","96","318","288","62","15","1","7","29","39","22","80","3","1","1",".214",".273",".344",".617",".272","0.5","-0.4","-0.7","2218"
"Wil Nieves","53","175","164","41","9","0","1","12","15","5","38","1","1","0",".252",".281",".332",".613",".271","-0.3","0.1","0.1","1556"
"Omar Quintanilla","93","298","269","61","10","2","3","28","25","24","59","1","1","1",".227",".292",".309",".601",".269","-5.0","-0.6","-0.6","6335"
"Nick Punto","96","272","240","53","10","1","1","25","19","28","61","0","3","1",".221",".301",".277",".579",".267","-4.0","-0.1","-0.6","1429"
"Andrew Romine","123","455","409","96","11","2","2","51","30","34","89","3","16","4",".234",".295",".287",".582",".266","1.9","1.0","0.3","1159"
"Tony Gwynn","124","342","303","68","10","3","1","39","20","31","60","1","8","5",".226",".297",".284",".581",".266","0.8","-0.6","-0.6","6141"
"Jonathan Herrera","92","261","228","53","6","1","1","30","17","20","42","2","2","5",".234",".300",".283",".583",".266","-4.0","-1.8","-0.8","4182"
"Jace Peterson","96","395","355","79","10","5","2","45","28","30","72","4","24","8",".222",".289",".291",".581",".265","-0.7","1.3","0.2","12325"
"Tuffy Gosewisch","70","249","235","51","13","1","5","20","28","9","49","3","1","2",".219",".253",".345",".598",".264","0.5","-0.8","0.0","5277"
"Sandy Leon","83","313","283","60","11","1","4","28","24","26","68","1","1","1",".210",".278",".303",".580",".264","5.4","-0.4","0.8","5273"
"Danny Worth","80","286","258","56","12","1","3","29","24","21","70","1","6","4",".217",".276",".308",".584",".263","2.0","-0.7","-0.1","198"
"Chris Getz","76","254","229","54","9","1","1","25","17","14","27","2","13","3",".238",".287",".295",".582",".263","0.0","1.3","-0.1","3388"
"Jayson Nix","88","272","245","50","9","1","5","23","21","18","83","5","5","4",".203",".270",".309",".579",".262","-2.2","-0.8","-0.7","3790"
"J.B. Shuck","119","453","418","98","13","3","4","51","37","27","50","1","10","4",".235",".282",".304",".585",".262","8.6","-0.1","0.1","6677"
"Chris Stewart","72","224","205","49","7","0","1","19","15","12","29","3","2","0",".238",".288",".290",".578",".262","1.7","0.2","0.3","3878"
"Clint Barmes","100","325","296","67","13","0","4","29","28","18","61","5","1","1",".225",".277",".309",".586",".262","5.5","-0.4","0.5","1830"
"Tim Federowicz","87","337","305","63","15","1","6","28","30","25","86","1","0","0",".206",".268",".316",".584",".261","2.2","-0.3","0.6","8609"
"Ehire Adrianza","117","387","345","75","17","3","2","38","30","27","86","3","7","3",".217",".277",".302",".579",".261","3.0","-0.2","0.0","8418"
"Greg Dobbs","95","217","201","46","8","1","3","16","19","12","39","2","1","1",".229",".276",".315",".591",".261","-4.2","-0.2","-0.9","2158"
"Ian Stewart","86","292","265","48","10","5","8","28","28","22","110","3","2","1",".179",".249",".339",".589",".260","-4.0","0.0","-0.7","5950"
"Pete Kozma","102","341","311","69","14","1","3","32","34","25","72","1","3","1",".221",".279",".304",".583",".260","3.5","-0.2","0.3","2539"
"Jordan Schafer","105","288","255","53","12","2","3","31","19","24","72","1","20","5",".207",".275",".298",".573",".258","1.4","1.8","-0.1","9883"
"Reid Brignac","74","232","211","45","8","1","3","21","19","15","55","1","1","1",".212",".269",".304",".573",".258","2.4","-0.5","-0.2","8380"
"Ryan Goins","126","462","426","95","19","2","5","38","34","24","97","1","3","3",".222",".263",".313",".577",".257","6.6","-1.0","0.0","9807"
"Elliot Johnson","80","225","207","44","9","2","3","22","18","12","60","1","10","3",".214",".257",".323",".580",".257","-2.3","0.6","-0.3","4751"
"Jonathan Diaz","107","356","308","64","10","1","1","30","23","30","79","7","7","3",".207",".291",".256",".547",".256","3.3","0.1","0.0","4142"
"Darin Mastroianni","75","258","231","49","7","2","1","30","16","20","60","2","16","3",".211",".279",".278",".557",".255","2.1","1.8","-0.3","7316"
"Chris Herrmann","109","403","365","74","11","1","5","38","29","33","92","1","2","1",".204",".272",".287",".558",".254","-0.7","-0.5","-1.2","9284"
"Freddy Galvis","107","386","358","77","15","3","5","32","32","18","78","2","5","3",".214",".253",".319",".572",".253","1.9","-0.4","-0.6","6609"
"Pedro Florimon","134","455","409","83","14","3","5","44","33","35","123","2","19","5",".202",".267",".290",".557",".253","7.6","1.3","0.7","8385"
"Jeff Bianchi","101","336","314","71","10","1","3","28","31","17","69","1","6","3",".227",".266",".294",".560",".251","4.1","-0.4","-0.3","9958"
"Willie Bloomquist","68","235","223","52","7","1","1","24","14","9","39","1","4","4",".235",".269",".289",".558",".249","-1.3","-1.0","-0.6","1066"
"Tony Campana","119","342","319","73","8","4","1","38","17","16","76","2","29","7",".228",".268",".286",".554",".249","3.6","2.8","-0.3","4964"
"Brett Hayes","59","173","165","33","9","0","5","17","15","6","43","1","1","0",".201",".230",".337",".567",".248","-1.1","0.0","-0.2","4293"
"Josh Wilson","99","309","288","63","13","1","3","30","28","13","72","3","3","1",".218",".258",".293",".551",".248","3.7","-0.1","-0.3","2102"
"Joaquin Arias","112","287","271","62","8","2","2","27","21","10","38","1","2","1",".230",".260",".295",".555",".242","-0.6","-0.1","-0.7","3817"
"Alex Gonzalez","35","116","109","22","3","1","1","14","11","5","20","1","0","0",".199",".241",".284",".525",".236","-1.7","-0.1","-0.8","520"
"Jose Molina","84","244","226","45","7","0","3","17","14","15","53","1","1","1",".200",".253",".265",".518",".235","3.8","-0.2","0.3","25"
"John Baker","51","157","141","23","3","0","1","13","6","14","43","2","1","1",".162",".245",".195",".440",".209","-2.7","-0.3","-1.0","4756"
